10306,香港商香港協佳控股有限公司,投資現有公司,台北合迪汽車有限公司,4,批發及零售業,,
10202,大陸地區人民,新設公司,巧匠工坊," 	5,000 ",批發及零售業,,
10011,大陸地區人民,增資,百資科技股份有限公司," 	8,800 ",資訊軟體服務業,陸資持股已全數轉讓,
10001,大陸地區人民,新設公司,單身麵食館," 	10,000 ",餐館業,歇業／撤銷,
10306,大陸地區人民,投資現有公司,水世紀清潔有限公司,"10,000",廢污水處理業,,
10308,大陸地區人民,增資,沃思坦醫療器械有限公司,"10,000 ",批發及零售業,,
10402,大陸地區人民,新設公司,寶島傳奇商行," 	30,000 ",批發及零售業,,
10402,大陸地區人民,新設公司,高雄巧農糧油行," 	45,000 ",批發及零售業,,
10102,大陸地區人民,新設公司,伸茂在線科技有限公司," 	50,000 ",機械設備製造業,,
10403,樂清市長嶺電子儀錶有限公司,設立分公司,大陸商長嶺電子有限公司在臺分公司,"50,000 ",批發及零售業,,
10110,大陸地區人民,投資現有公司,中嘉煤氣有限公司," 	90,000 ",批發及零售業,,
10401,大陸地區人民,增資,眾鴻電子科技有限公司," 	93,000 ",批發及零售業,,
10103,大陸地區人民,增資,百資科技股份有限公司," 	94,080 ",資訊軟體服務業,陸資持股已全數轉讓,
09901,新加坡商桑德國際股份有限公司,設立分公司,新加坡商桑德國際股份有限公司在臺分公司," 	100,000 ",廢污水處理業,撤回認許已清算完結,
10002,大陸地區人民,新設公司,符一服飾行," 	100,000 ",批發及零售業,,
10004,大陸商山西運城製版集團股份有限公司,增資,運城包裝設計有限公司," 	100,000 ",專業設計服務業,解散,
10104,大陸地區人民,新設公司,君昶有限公司," 	100,000 ",批發及零售業,解散,
10107,大陸地區人民,新設公司,豐通商行," 	100,000 ",批發及零售業,歇業／撤銷,
10108,大陸地區人民,投資現有公司,台灣中國紅國宴用茶有限公司," 	100,000 ",批發及零售業,,
10203,大陸地區人民,新設公司,福爾康生物科技有限公司," 	100,000 ",電子零組件製造業,,
10206,大陸地區人民,新設公司,鑫源咖啡," 	100,000 ",餐館業,,
10311,大陸地區人民,新設公司,琳翎工坊," 	100,000 ",批發及零售業,停業至105年3月12日,
10402,大陸地區人民,新設公司,木川企業有限公司," 	100,000 ",批發及零售業,,
09906,大陸地區人民,新設公司,湧駿實業有限公司," 	150,000 ",批發及零售業,停業至103年07月30日,
10306,英屬維京群島商創高技術控股有限公司,設立分公司,英屬維京群島商創高技術有限公司在臺分公司,"150,000",批發及零售業,,
10112,大陸地區人民,增資,百資科技股份有限公司," 	169,000 ",資訊軟體服務業,陸資持股已全數轉讓,
10206,大陸地區人民,新設公司,八達通實業有限公司," 	190,000 ",廣告業,,
09908,香港商臺灣紅蜻蜓企業有限公司,投資現有公司,臺灣紅蜻蜓企業有限公司," 	196,350 ",成衣及服飾品製造業,,
10012,大陸地區人民,新設公司,谷旗健康生技有限公司," 	200,000 ",批發及零售業,停業至103年06月09日,
10202,大陸地區人民,新設公司,錦繡大地工作室," 	200,000 ",批發及零售業,,
10208,大陸地區人民,新設公司,十月輕食館,"200,000",餐館業,歇業／撤銷,
10211,大陸地區人民,投資現有公司,獅恩國際貿易有限公司,"200,000",批發及零售業,,
10310,大陸地區人民,新設公司,亞珈國際股份有限公司," 	200,000 ",批發及零售業,,
10404,大陸地區人民,新設公司,台灣保生養真生技股份有限公司,"210,000",批發及零售業,,
10204,大陸地區人民,投資現有公司,台灣歐上照明有限公司," 	247,500 ",電腦、電子產品及光學製品製造業,解散,
09810,大陸地區人民,新設公司,台灣炎世科技有限公司," 	250,000 ",資訊軟體服務業,,
09902,香港商香港快運航空有限公司,設立分公司,香港商香港快運航空有限公司在臺分公司," 	250,000 ",運輸及倉儲業,,
09907,大陸地區人民,新設公司,超華食品有限公司," 	250,000 ",批發及零售業,停業至103年01月31日,
10107,大陸地區人民,新設公司,創意巴可有限公司," 	250,000 ",批發及零售業,解散,
10111,大陸地區人民,新設公司,康悅訊科技有限公司," 	250,000 ",批發及零售業,,
10204,大陸地區人民,新設公司,台福國際食品有限公司," 	250,000 ",餐館業,核准設立，但已命令解散,
10207,大陸地區人民,新設公司,月台國際食品有限公司,"250,000",餐館業,,
10307,大陸地區人民,投資現有公司,德朗醫療器材有限公司,"250,000",批發及零售業,,
10309,美商帝奧微電子有限公司,設立分公司,美商帝奧微電子有限公司在臺分公司,"250,000 ",批發及零售業,,
10402,大陸地區人民,新設公司,台灣天盛商貿股份有限公司," 	250,000 ",批發及零售業,,
10005,大陸地區人民,投資現有公司,百資科技股份有限公司," 	264,000 ",資訊軟體服務業,陸資持股已全數轉讓,
10312,大陸地區人民,新設公司,中華渝台實業有限公司," 	270,000 ",批發及零售業,,
10102,荷蘭商ZONG B.V. ,增資,縱信股份有限公司," 	283,500 ",批發及零售業,解散已清算完結,
10212,大陸地區人民,新設公司,企峰國際有限公司," 	290,000 ",批發及零售業,,
09902,大陸地區人民,新設公司,環龍工業股份有限公司," 	300,000 ",批發及零售業,停業至104年05月15日,
10110,大陸地區人民,新設公司,旭頓國際商行," 	300,000 ",批發及零售業,歇業／撤銷,
10204,大陸地區人民,新設公司,美迪亞設計股份有限公司," 	300,000 ",專業設計服務業,解散,
10209,大陸地區人民,新設公司,台灣智尚生醫開發有限公司," 	300,000 ",批發及零售業,,
10312,大陸地區人民,投資現有公司,台錦新能源有限公司," 	300,000 ",批發及零售業,,
10401,大陸地區人民,新設公司,阿邁澤國際有限公司," 	300,000 ",批發及零售業,,
10207,大陸地區人民,新設公司,嘉慶國際食品有限公司,"350,000",餐館業,,
10104,大陸地區人民,增資,百資科技股份有限公司," 	389,760 ",資訊軟體服務業,陸資持股已全數轉讓,
10104,大陸地區人民,新設公司,永豐貿易有限公司," 	400,000 ",批發及零售業,,
10306,大陸地區人民,新設公司,驫喆國際股份有限公司,"400,000",批發及零售業,,
10307,大陸地區人民,新設公司,家麗時尚事業有限公司,"400,000 ",批發及零售業,,
10310,大陸地區人民,投資現有公司,恒富生技股份有限公司," 	400,000 ",批發及零售業,,
09812,荷蘭商ZONG B.V. ,新設公司,縱信股份有限公司," 	450,000 ",批發及零售業,解散已清算完結,
09912,大陸地區人民,投資現有公司,臺灣保羅國際生物事業有限公司," 	450,000 ",批發及零售業,,
10306,大陸地區人民,新設公司,台灣和草小屋化妝品有限公司,"450,000",批發及零售業,,
10303,大陸地區人民,新設公司,江東國際貿易有限公司,"490,000",批發及零售業,,
09807,大陸商山東航空股份有限公司,設立分公司,大陸商山東航空股份有限公司在臺分公司," 	500,000 ",運輸及倉儲業,,
09812,香港商GDC TECHNOLOGY（HONG KONG） LIMITED,新設公司,台灣環球數碼創意科技股份有限公司," 	500,000 ",資訊軟體服務業,,
09901,大陸地區人民,新設公司,臺灣順野嘉工貿有限公司," 	500,000 ",批發及零售業,解散,
09901,澳大利亞商3SQX INTERNATIONAL GROUP PTY LTD,設立分公司,澳大利亞商成冠群星國際有限公司在臺分公司," 	500,000 ",批發及零售業,,
09904,大陸地區人民,新設公司,晨陽開發有限公司," 	500,000 ",批發及零售業,,
09908,大陸地區人民,新設公司,台灣海玉田科研有限公司," 	500,000 ",批發及零售業,陸資持股已全數轉讓,
09909,大陸商深圳市木森科技股份有限公司,設立分公司,大陸商深圳市木森科技有限公司在臺分公司," 	500,000 ",電子零組件製造業,,
10006,富萊恩有限責任公司,新設公司,富萊恩有限公司," 	500,000 ",批發及零售業,解散,
10008,四川航空股份有限公司,設立分公司,大陸商四川航空股份有限公司在臺分公司," 	500,000 ",運輸及倉儲業,,
10011,德豪潤達國際(香港)有限公司,投資現有公司,三頤貿易有限公司," 	500,000 ",批發及零售業,停業至104年11月12日,
10101,永農生物科學有限公司,設立分公司,大陸商永農生物科學有限公司在臺分公司," 	500,000 ",批發及零售業,,
10102,香港商合勝科技有限公司,新設公司,佰維存儲科技股份有限公司," 	500,000 ",批發及零售業,解散,
10108,大陸地區人民,新設公司,萬眾百源科技有限公司," 	500,000 ",電子零組件製造業,,
10110,大陸地區人民,新設公司,永康有限公司," 	500,000 ",餐館業,解散,
10112,大陸地區人民,新設公司,台灣群思科技有限公司," 	500,000 ",機械設備製造業,,
10112,永農生物科學有限公司,新設公司,永農生物科學有限公司," 	500,000 ",批發及零售業,,
10206,香港商金門宋氏世家釀酒有限公司,新設公司,台灣宋氏世家酒業有限公司," 	500,000 ",批發及零售業,,
10207,蘇州聯煒誠電子科技有限公司,設立分公司,大陸商蘇州聯煒誠電子科技有限公司在臺分公司,"500,000",批發及零售業,,
10207,大陸地區人民,新設公司,象形國際文化傳播有限公司,"500,000",會議服務業,,
10207,大陸地區人民,投資現有公司,毅東科技股份有限公司,"500,000",機械設備製造業,,
10208,大陸地區人民,新設公司,台灣同宗酒業有限公司,"500,000",批發及零售業,,
10208,大陸地區人民,新設公司,長福有限公司,"500,000",批發及零售業,,
10208,大陸地區人民,新設公司,探普勒國際有限公司,"500,000",批發及零售業,,
10210,大陸地區人民,新設公司,台灣顯赫科技有限公司," 	500,000 ",批發及零售業,,
10211,大陸地區人民,新設公司,浦桑尼克科技股份有限公司,"500,000",批發及零售業,,
10211,大陸地區人民,新設公司,賽柏電子有限公司,"500,000",批發及零售業,,
10212,大陸地區人民,新設公司,臺灣臻裕機電有限公司," 	500,000 ",批發及零售業,,
10302,大陸地區人民,新設公司,鈺創合成有限公司,"500,000",批發及零售業,,
10303,大陸地區人民,投資現有公司,台灣卓多資國際貿易有限公司,"500,000",批發及零售業,,
10306,香港商千鴻元國際集團 (香港) 有限公司,新設公司,台灣千鴻元有限公司,"500,000",批發及零售業,,
10306,大陸地區人民,新設公司,旭昇利貿易有限公司,"500,000",批發及零售業,,
10308,大陸地區人民,新設公司,台灣凱威全球國際股份有限公司,"500,000 ",批發及零售業,,
10309,大陸地區人民,投資現有公司,營溢企業有限公司,"500,000 ",批發及零售業,解散,
10311,大陸地區人民,新設公司,雲宵國際科技有限公司," 	500,000 ",批發及零售業,,
10312,香港商香港泛亞集團有限公司,設立分公司,香港商長懋有限公司在臺分公司," 	500,000 ",餐館業,,
10402,大陸地區人民,新設公司,榮鑫有限公司," 	500,000 ",批發及零售業,,
10402,大陸地區人民,新設公司,台灣港盛商貿有限公司," 	500,000 ",批發及零售業,,
10403,大陸地區人民,新設公司,世紀泰康生技有限公司,"500,000 ",研究發展服務業,,
10404,大陸地區人民,增資,台灣卓多資國際貿易有限公司,"500,000",批發及零售業,,
10001,大陸地區人民,投資現有公司,立美貿易有限公司," 	510,000 ",批發及零售業,,
10206,大陸地區人民,新設公司,御山坊茶葉有限公司," 	510,000 ",批發及零售業,,
10207,大陸地區人民,新設公司,台灣積微半導體有限公司,"520,000",電子零組件製造業,,
10303,大陸地區人民,新設公司,德森精品事業有限公司,"600,000",批發及零售業,,
10006,中電電器集團(香港)有限公司,新設公司,喜基電氣股份有限公司," 	700,000 ",機械設備製造業,,
10101,大陸地區人民,新設公司,百匯錦服飾設計有限公司," 	700,000 ",批發及零售業,,
10102,大陸地區人民,新設公司,台灣世家國際拍賣有限公司," 	700,000 ",批發及零售業,,
10402,大陸地區人民,投資現有公司,金泉國際發展有限公司," 	700,000 ",批發及零售業,,
10005,中國郵政航空有限責任公司,設立分公司,大陸商中國郵政航空有限公司在臺分公司," 	800,000 ",運輸及倉儲業,,
10107,大陸地區人民,新設公司,瓦房店北方軸承有限公司," 	800,000 ",機械設備製造業,,
10210,大陸商浙江永力達數控機床有限公司,增資,永力達機械工業股份有限公司,"800,000 ",批發及零售業,,
10312,大陸地區人民,新設公司,沫恩尼生物科技有限公司," 	800,000 ",批發及零售業,,
10104,香港商聯寶電腦有限公司,設立分公司,香港商聯寶電腦有限公司在臺分公司," 	885,000 ",批發及零售業,,
10001,大陸商深圳市越洋達科技有限公司,投資現有公司,越洋達科技有限公司," 	915,000 ",電子零組件製造業,,
10012,大陸地區人民,新設公司,創新工場國際有限公司," 	950,000 ",批發及零售業,,
10112,大陸地區人民,投資現有公司,力大王國際貿易股份有限公司," 	980,000 ",批發及零售業,,
09809,大陸商上海航空股份有限公司,設立分公司,大陸商上海航空股份有限公司在臺分公司," 	1,000,000 ",運輸及倉儲業,廢止許可已清算完結,
09906,大陸地區人民,新設公司,富貴一品國際發展有限公司," 	1,000,000 ",批發及零售業,,
09907,大陸商上海聯縱智達營銷咨詢有限公司,新設公司,台灣聯縱智達管理顧問股份有限公司," 	1,000,000 ",會議服務業,停業至105年01月30日,
10001,大陸地區人民,投資現有公司,昊育股份有限公司," 	1,000,000 ",資訊軟體服務業,,
10002,大陸地區人民,新設公司,盛鑫置業股份有限公司," 	1,000,000 ",批發及零售業,,
10003,新加坡商NAGA CULTURE （ASIA） PRIVATE LIMITED,設立分公司,新加坡商那伽文化有限公司在臺分公司," 	1,000,000 ",批發及零售業,,
10004,香港商科通環球(台灣)有限公司,設立分公司,香港商台灣科通環球有限公司在臺分公司," 	1,000,000 ",資訊軟體服務業,,
10006,香港海能電子有限公司,新設公司,台灣海能電子有限公司," 	1,000,000 ",專業設計服務業,,
10008,上海航空有限公司,設立分公司,大陸商上海航空有限公司在臺分公司," 	1,000,000 ",運輸及倉儲業,,
10008,大陸地區人民,投資現有公司,豐程國際貿易有限公司," 	1,000,000 ",批發及零售業,,
10009,藏青蟲草城有限公司,設立分公司,香港商藏青蟲草城有限公司在臺分公司," 	1,000,000 ",批發及零售業,陸資持股已全數轉讓,
10011,金海岸創能電子科技有限公司,新設公司,台灣金海岸創能電子科技有限公司," 	1,000,000 ",批發及零售業,停業至104年01月07日,
10011,"貝里斯商GLOBAL HOLDING PLASTECH CO., LTD.",新設公司,高科機械有限公司," 	1,000,000 ",機械設備製造業,停業至104年08月26日,
10103,大陸地區人民,新設公司,揚州皮革有限公司," 	1,000,000 ",批發及零售業,,
10104,大陸地區人民,新設公司,台灣天寶國際興業有限公司," 	1,000,000 ",批發及零售業,停業至104年04月01日,
10104,大陸地區人民,新設公司,宏昱電子材料有限公司," 	1,000,000 ",批發及零售業,解散,
10104,俏江南控股集團(香港)有限公司,增資,香港商俏江南有限公司在臺分公司," 	1,000,000 ",餐館業,,
10104,北京藝豐雕刻時光咖啡有限責任公司,新設公司,藝豐時光咖啡有限公司," 	1,000,000 ",餐館業,,
10105,大陸地區人民,投資現有公司,聯合海洋發展有限公司," 	1,000,000 ",批發及零售業,停業至104年06月24日,
10106,大陸地區人民,新設公司,乃思麗股份有限公司," 	1,000,000 ",電力設備製造業,,
10106,大陸地區人民,新設公司,全統國際酒莊," 	1,000,000 ",批發及零售業,,
10107,JIANG’S HOLDING LIMITED,新設公司,大閩國際興業有限公司," 	1,000,000 ",批發及零售業,,
10107,北控水務(香港)有限公司,設立分公司,香港商北控水環境有限公司在臺分公司," 	1,000,000 ",廢污水處理業,,
10107,睿氏國際有限公司,設立分公司,薩摩亞商睿氏國際有限公司在臺分公司," 	1,000,000 ",電子零組件製造業,停業至104年04月30日,
10107,大陸地區人民,新設公司,騰岳山崗創意商業有限公司," 	1,000,000 ",會議服務業,,
10108,大陸地區人民,新設公司,聖博達科技有限公司," 	1,000,000 ",電子零組件製造業,,
10109,福建中澳科技有限公司,設立分公司,大陸商福建中澳科技有限公司在臺分公司," 	1,000,000 ",電腦、電子產品及光學製品製造業,,
10110,大陸地區人民,投資現有公司,台灣愛情生醫美容有限公司," 	1,000,000 ",批發及零售業,,
10110,永和小鎮(香港)餐飲有限公司,新設公司,臺灣水磨坊永和國際發展有限公司," 	1,000,000 ",餐館業,,
10111,百瑞萊科技有限公司,新設公司,百瑞萊科技有限公司," 	1,000,000 ",批發及零售業,,
10111,大陸地區人民,新設公司,星之升有限公司," 	1,000,000 ",批發及零售業,停業至104年07月14日,
10201,貝里斯COMMIT & SUCCESS CORPORATION,投資現有公司,熙隆科技有限公司," 	1,000,000 ",批發及零售業,,
10203,大陸地區人民,新設公司,銘威達有限公司," 	1,000,000 ",批發及零售業,,
10205,大陸地區人民,新設公司,利田機械有限公司," 	1,000,000 ",批發及零售業,,
10205,大陸地區人民,新設公司,華之力電子有限公司," 	1,000,000 ",批發及零售業,,
10206,大陸地區人民,新設公司,西摩有限公司," 	1,000,000 ",批發及零售業,,
10206,大陸地區人民,新設公司,卓儷環球實業有限公司," 	1,000,000 ",批發及零售業,,
10206,大陸地區人民,新設公司,鳳儀天有限公司," 	1,000,000 ",批發及零售業,,
10210,大陸地區人民,新設公司,台灣裕成電子有限公司," 	1,000,000 ",批發及零售業,,
10301,大陸地區人民,新設公司,台灣華偉塑膠股份有限公司,"1,000,000",塑膠製品製造業,,
10301,大陸地區人民,新設公司,鑫億生技有限公司,"1,000,000",批發及零售業,,
10303,大陸地區人民,新設公司,台灣望月潭食品有限公司,"1,000,000",批發及零售業,,
10303,大陸地區人民,新設公司,台灣溪寶之家有限公司,"1,000,000",批發及零售業,,
10307,大陸地區人民,新設公司,蘭心生物科技有限公司,"1,000,000 ",批發及零售業,,
10309,大陸地區人民,新設公司,台灣恆星珠寶有限公司,"1,000,000 ",批發及零售業,,
10309,大陸地區人民,新設公司,台灣望北台實業有限公司,"1,000,000 ",批發及零售業,,
10309,大陸地區人民,新設公司,臺灣帕格威工業有限公司,"1,000,000 ",批發及零售業,,
10310,大陸地區人民,新設公司,台灣優至美生物科技有限公司," 	1,000,000 ",批發及零售業,,
10310,香港商冠捷投資有限公司,新設公司,嘉捷電信股份有限公司," 	1,000,000 ",批發及零售業,,
10311,大陸地區人民,新設公司,台灣斟尚酒業股份有限公司," 	1,000,000 ",批發及零售業,,
10312,香港商CTBAT INTERNATIONAL CO. LIMITED,設立分公司,香港商中煙英美煙草國際有限公司在臺分公司," 	1,000,000 ",批發及零售業,,
10312,大陸地區人民,新設公司,鵒珊夫人健康生技有限公司," 	1,000,000 ",批發及零售業,,
10401,大陸地區人民,新設公司,美晟輝國際有限公司," 	1,000,000 ",批發及零售業,,
10403,大陸地區人民,新設公司,台灣皇冠門控科技有限公司,"1,000,000 ",批發及零售業,,
10404,大陸地區人民,新設公司,金澤偉業有限公司,"1,000,000",批發及零售業,,
10303,大陸地區人民,投資現有公司,銀泰技術股份有限公司,"1,080,000",批發及零售業,,
10101,大陸地區人民,增資,佳萊國際科技發展有限公司," 	1,100,000 ",批發及零售業,,
10108,大陸商深圳市越洋達科技有限公司,增資,越洋達科技有限公司," 	1,100,000 ",電子零組件製造業,,
10305,香港泰格醫藥科技有限公司,增資,臺灣泰格國際醫藥股份有限公司," 	1,190,400 ",研究發展服務業,,
10011,蒼南縣恒信席業有限公司,設立分公司,大陸商恒信蓆業有限公司在臺分公司," 	1,200,000 ",家具製造業,,
10205,大陸地區人民,新設公司,亞太健康國際有限公司," 	1,200,000 ",批發及零售業,解散,
10211,大陸地區人民,新設公司,安逸國際有限公司,"1,200,000",批發及零售業,,
10010,大陸地區人民,投資現有公司,愛盛科技股份有限公司," 	1,250,000 ",機械設備製造業,,
10309,英屬維京群島商GREATER WAY TECHNOLOGY LIMITED,投資現有公司,佳宏電子股份有限公司,"1,250,000 ",批發及零售業,,
10211,大陸地區人民,增資,御師傅國際有限公司,"1,300,000",餐館業,,
09909,英屬維京群島商REAL FUN INTERNATIONAL,投資現有公司,優立邦工業股份有限公司," 	1,350,000 ",廢污水處理業,,
10105,漾格化妝品國際集團有限公司,新設公司,臺灣嬌諾化妝品有限公司," 	1,380,000 ",批發及零售業,,
10211,大陸地區人民,投資現有公司,安貝思國際有限公司,"1,400,000",批發及零售業,,
10211,英屬維京群島GREATER WAY TECHNOLOGY LIMITED,增資,驊原科技股份有限公司,"1,407,200",批發及零售業,,
10208,大陸地區人民,增資,啟發國際股份有限公司," 	1,484,000 ",橡膠製品製造業,,
09810,大陸商華娛無線科技有限公司,設立分公司,大陸商華娛無線科技有限公司在臺分公司," 	1,500,000 ",資訊軟體服務業,,
09910,大陸地區人民,新設公司,富有科技有限公司," 	1,500,000 ",資訊軟體服務業,停業至104年09月30日,
10005,韋爾半導體香港有限公司,設立分公司,香港商韋爾半導體有限公司在臺分公司," 	1,500,000 ",電子零組件製造業,,
10011,香港商六方科技有限公司,新設公司,六聯通有限公司," 	1,500,000 ",電腦、電子產品及光學製品製造業,,
10108,雷柏(香港)有限公司,設立分公司,香港商雷柏有限公司在臺分公司," 	1,500,000 ",電腦、電子產品及光學製品製造業,,
10109,廈門皓益貿易有限公司,新設公司,永潤豐國際有限公司,"1,500,000",批發及零售業,,
10109,上海友福投資有限公司,新設公司,華王兩岸商貿管理顧問有限公司," 	1,500,000 ",會議服務業,,
10206,大陸地區人民,新設公司,宇洋股份有限公司," 	1,500,000 ",批發及零售業,陸資資金尚未到位,
10211,開山壓縮機(香港)有限公司,增資,台灣開山壓縮機有限公司,"1,500,000",批發及零售業,,
10304,香港智多芯電子科技有限公司,設立分公司,香港商智多芯科技有限公司在臺分公司," 	1,500,000 ",技術檢測及分析服務業,,
10308,大陸地區人民,新設公司,益生國際企業有限公司,"1,500,000 ",餐館業,,
10404,大陸地區人民,新設公司,華翔數位科技事業有限公司,"1,500,000",批發及零售業,,
10111,大陸地區人民,新設公司,普恩科技股份有限公司," 	1,800,000 ",電腦、電子產品及光學製品製造業,,
10212,大陸地區人民,投資現有公司,昇科股份有限公司," 	1,800,000 ",機械設備製造業,,
10311,開山壓縮機(香港)有限公司,增資,台灣開山壓縮機有限公司,"1,800,000 ",批發及零售業,,
10310,香港商大昌行物流有限公司,新設公司,台北大昌慎昌食品有限公司," 	1,900,000 ",批發及零售業,,
09902,大陸地區人民,新設公司,博基生化科技有限公司," 	1,920,000 ",批發及零售業,解散,
09901,大陸地區人民,新設公司,福盛達有限公司," 	1,950,000 ",批發及零售業,,
09807,大陸商東方航空股份有限公司,設立分公司,大陸商中國東方航空股份有限公司在臺分公司," 	2,000,000 ",運輸及倉儲業,,
09807,大陸商中國南方航空股份有限公司,設立分公司,大陸商中國南方航空股份有限公司在臺分公司," 	2,000,000 ",運輸及倉儲業,,
09807,大陸商中國國際航空股份有限公司,設立分公司,大陸商中國國際航空股份有限公司在臺分公司," 	2,000,000 ",運輸及倉儲業,,
09807,大陸商海南航空股份有限公司,設立分公司,大陸商海南航空股份有限公司在臺分公司," 	2,000,000 ",運輸及倉儲業,,
09807,大陸商深圳航空股份有限公司,設立分公司,大陸商深圳航空有限公司在臺分公司," 	2,000,000 ",運輸及倉儲業,,
09807,大陸商廈門航空股份有限公司,設立分公司,大陸商廈門航空有限公司在臺分公司," 	2,000,000 ",運輸及倉儲業,,
09904,大陸地區人民,新設公司,品高正通有限公司," 	2,000,000 ",會議服務業,解散,
09908,香港商泓量企業有限公司,投資現有公司,台灣飛毛腿電子股份有限公司," 	2,000,000 ",批發及零售業,解散,
10003,大陸地區人民,新設公司,晶宇電子有限公司," 	2,000,000 ",批發及零售業,,
10104,香港商瀚海實業(香港)有限公司,增資,香港商瀚海電通有限公司在臺分公司," 	2,000,000 ",電子零組件製造業,,
10104,英屬維京群島鴻豐國際集團有限公司,新設公司,鴻豐萬泰有限公司," 	2,000,000 ",批發及零售業,,
10106,大陸地區人民,新設公司,台灣木兮服飾有限公司," 	2,000,000 ",批發及零售業,,
10106,大陸地區人民,新設公司,台灣全能維生有限公司," 	2,000,000 ",批發及零售業,,
10108,大陸地區人民,新設公司,六合九州有限公司," 	2,000,000 ",批發及零售業,,
10108,大陸地區人民,增資,南海國際貿易有限公司," 	2,000,000 ",電子零組件製造業,,
10108,大陸地區人民,新設公司,霖達科技股份有限公司," 	2,000,000 ",批發及零售業,未審定；停業至104年01月26日,
10211,春秋航空股份有限公司,設立分公司,大陸商春秋航空股份有限公司台灣分公司,"2,000,000",運輸及倉儲業,,
10305,上海吉祥航空股份有限公司,設立分公司,大陸商上海吉祥航空股份有限公司在臺分公司," 	2,000,000 ",運輸及倉儲業,,
10312,大陸地區人民,投資現有公司,安信電商股份有限公司," 	2,000,000 ",批發及零售業,,
10404,大陸地區人民,新設公司,台灣珍妮安有限公司,"2,000,000",批發及零售業,,
10104,北京亞控科技發展有限公司,新設公司,台灣亞控科技有限公司," 	2,100,000 ",批發及零售業,,
10002,香港商北京同仁堂國際有限公司,投資現有公司,北京同仁堂太豐股份有限公司," 	2,110,550 ",批發及零售業,,
10110,大陸地區人民,新設公司,貝斯達股份有限公司," 	2,250,000 ",機械設備製造業,,
09812,香港商大洋科技國際有限公司,新設公司,大洋媒體科技有限公司," 	2,400,000 ",資訊軟體服務業,,
10211,大陸地區人民,投資現有公司,泰武山酒業開發股份有限公司,"2,402,000",批發及零售業,,
10207,大陸地區人民,投資現有公司,台灣吉田智能科技衛浴有限公司,"2,500,000",批發及零售業,,
10301,大陸地區人民,投資現有公司,鈺芯科技有限公司,"2,500,000",批發及零售業,,
10312,大陸地區人民,新設公司,三和新光電科技有限公司," 	2,500,000 ",批發及零售業,,
10401,薩摩亞商華樂貿易有限公司,設立分公司,薩摩亞商華樂百貨有限公司在臺分公司," 	2,500,000 ",批發及零售業,,
10402,大陸地區人民,投資現有公司,乘翔科技股份有限公司," 	2,550,000 ",電腦、電子產品及光學製品製造業,,
09910,大陸地區人民,新設公司,怡然居有限公司," 	2,700,000 ",餐館業,,
10209,飛越國際企業有限公司,投資現有公司,泓銘科技有限公司," 	2,700,000 ",電腦、電子產品及光學製品製造業,,
10311,香港商捷勝海洋(香港)有限公司,新設公司,捷勝技研股份有限公司," 	2,750,000 ",批發及零售業,,
10101,大陸地區人民,新設公司,特達利科技發展有限公司," 	2,800,000 ",批發及零售業,,
10104,大陸地區人民,增資,中國大華飛捷實業有限公司," 	2,972,223 ",批發及零售業,,
10005,大陸商上海聯縱智達營銷咨詢有限公司,增資,台灣聯縱智達管理顧問股份有限公司," 	3,000,000 ",會議服務業,停業至105年01月30日,
10011,新加坡商TRANSWORLD ACE PTE. LTD.,設立分公司,新加坡商首聯有限公司在臺分公司," 	3,000,000 ",電子零組件製造業,,
10102,大陸地區人民,增資,海頌置業股份有限公司," 	3,000,000 ",資訊軟體服務業,停業至104年04月27日,
10105,大陸地區人民,新設公司,健拓研創有限公司," 	3,000,000 ",批發及零售業,,
10109,大陸地區人民,投資現有公司,宇匯知識科技股份有限公司," 	3,000,000 ",資訊軟體服務業,陸資持股已全數轉讓,
10110,香港信維通信有限公司,設立分公司,香港商信維通信有限公司在臺分公司," 	3,000,000 ",電子零組件製造業,,
10110,軟通動力香港有限公司,投資現有公司,聚通資訊股份有限公司," 	3,000,000 ",批發及零售業,陸資持股已全數轉讓,
10205,深圳市益力盛電子有限公司,投資現有公司,台灣益力盛電子有限公司," 	3,000,000 ",電子零組件製造業,解散,
10205,大陸地區人民,新設公司,美爾康生物科技股份有限公司," 	3,000,000 ",批發及零售業,,
10206,香港商香港淼昇科技有限公司,新設公司,台灣淼昇電子有限公司," 	3,000,000 ",金屬製品製造業,,
10211,英屬維京群島商智美網路科技有限公司,設立分公司,英屬維京群島商智美資訊科技有限公司台灣分公司,"3,000,000",批發及零售業,,
10302,英屬維京群島商福聯集團有限公司,新設公司,福聯有限公司,"3,000,000",批發及零售業,,
10303,大陸地區人民,新設公司,同裕科技實業有限公司,"3,000,000",批發及零售業,,
10404,大陸地區人民,投資現有公司,賽門工業股份有限公司,"3,000,000",塑膠製品製造業,,
10208,大陸地區人民,增資,健拓研創有限公司," 	3,150,000 ",批發及零售業,,
09810,"薩摩亞商盟益集團股份有限公司
（MINT PROFIT GROUP CO.,LTD.）",投資現有公司,數字科技股份有限公司," 	3,200,000 ",資訊軟體服務業,陸資持股已全數轉讓,
10003,大陸地區人民,新設公司,紅蜘蛛互動科技有限公司," 	3,200,000 ",批發及零售業,,
10301,大陸地區人民,增資,超達閥門股份有限公司," 	3,200,000 ",批發及零售業,,
09906,大陸地區人民,增資,芯智股份有限公司," 	3,400,000 ",電子零組件製造業,,
10210,香港商XIAOMI H.K. LIMITED,投資現有公司,台灣小米通訊有限公司," 	3,760,000 ",批發及零售業,,
10103,大陸地區人民,增資,中國森源實業有限公司," 	3,804,467 ",批發及零售業,解散,
09907,香港商華測控股（香港）有限公司,新設公司,台灣華測檢測技術有限公司," 	4,000,000 ",技術檢測及分析服務業,,
09910,大陸商深圳市同洲電子股份有限公司,投資現有公司,台灣同洲視訊寬頻股份有限公司," 	4,000,000 ",資訊軟體服務業,,
10006,北大荒營銷股份有限公司,新設公司,台灣北大荒股份有限公司," 	4,000,000 ",批發及零售業,,
10011,大陸地區人民,投資現有公司,南海國際貿易有限公司," 	4,000,000 ",電子零組件製造業,,
10011,香港商瀚海實業(香港)有限公司,設立分公司,香港商瀚海電通有限公司在臺分公司," 	4,000,000 ",電子零組件製造業,,
10012,金蝶國際軟件集團(香港)有限公司,增資,台灣金蝶軟體有限公司," 	4,000,000 ",批發及零售業,,
10204,大陸地區人民,新設公司,台灣萊恩農機有限公司," 	4,000,000 ",批發及零售業,,
10207,大陸地區人民,增資,台灣萊恩農機有限公司," 	4,000,000 ",批發及零售業,,
10210,香港商海能達科技發展有限公司,新設公司,臺灣海能達電子有限公司," 	4,000,000 ",批發及零售業,,
10312,大陸地區人民,新設公司,台灣伊示雅咖啡股份有限公司," 	4,000,000 ",餐館業,,
10312,香港商暢游（香港)有限公司,新設公司,台灣暢遊有限公司," 	4,000,000 ",產業用機械設備維修及安裝業,,
10401,大陸地區人民,新設公司,寶通展業股份有限公司," 	4,000,000 ",批發及零售業,,
10110,大陸地區人民,增資,瓦房店北方軸承有限公司," 	4,200,000 ",機械設備製造業,,
09906,大陸商福建省建寧縣龍威生物科技有限公司,新設公司,信龍貿易有限公司," 	4,500,000 ",批發及零售業,,
10102,大陸地區人民,新設公司,中藍連海有限公司," 	4,500,000 ",機械設備製造業,,
10106,中霸集團有限公司,設立分公司,香港商中霸有限公司在臺分公司," 	4,500,000 ",批發及零售業,,
10108,蘇州高新區經濟發展集團總公司,新設公司,新和開發股份有限公司," 	4,500,000 ",會議服務業,,
10208,大陸地區人民,增資,義家餐飲有限公司," 	4,500,000 ",餐館業,,
10207,英屬維京群島GREATER WAY TECHNOLOGY LIMITED,投資現有公司,驊原科技股份有限公司,"4,704,000",批發及零售業,,
09907,大陸地區人民,增資,台灣炎世科技有限公司," 	4,750,000 ",資訊軟體服務業,,
09911,香港商香港快運航空有限公司,增資,香港商香港快運航空有限公司在臺分公司," 	4,750,000 ",運輸及倉儲業,,
09907,薩摩亞商美圖國際控股有限公司,增資,兆曜電子科技股份有限公司," 	4,800,000 ",資訊軟體服務業,,
10206,貝里斯商 PERFECTION HOLDING INT’L LTD.,新設公司,瑞茂開發有限公司," 	4,900,000 ",金屬製品製造業,,
09812,大陸商深圳市乾德電子有限公司,新設公司,乾德電子有限公司," 	5,000,000 ",批發及零售業,,
09907,大陸地區人民,新設公司,燦瑞半導體有限公司," 	5,000,000 ",批發及零售業,,
09909,大陸商廣州景浩日用品有限公司,投資現有公司,景浩國際實業股份有限公司," 	5,000,000 ",塑膠製品製造業,,
09912,大陸地區人民,新設公司,臺灣福媽媽永和有限公司," 	5,000,000 ",餐館業,,
10005,深圳邦凱新能源股份有限公司,設立分公司,大陸商邦達新能源股份有限公司在臺分公司," 	5,000,000 ",電力設備製造業,停業至104年04月30日,
10005,合眾汽車有限公司,新設公司,台北合眾汽車有限公司," 	5,000,000 ",汽車及其零件製造業,,
10006,NETQIN MOBILE INC.,新設公司,台灣網秦科技股份有限公司," 	5,000,000 ",批發及零售業,,
10006,中導光電設備(香港)有限公司,設立分公司,香港商中導光電設備有限公司在臺分公司," 	5,000,000 ",批發及零售業,,
10007,深圳科士達新能源有限公司,設立分公司,大陸商深圳科士達新能源有限公司在臺分公司," 	5,000,000 ",電腦、電子產品及光學製品製造業,,
10010,大陸地區人民,新設公司,佳萊國際科技發展有限公司," 	5,000,000 ",批發及零售業,,
10011,福建財茂集團有限公司,投資現有公司,台灣財茂國際有限公司," 	5,000,000 ",成衣及服飾品製造業,,
10102,台衡精密測控〈昆山〉有限公司,新設公司,台衡國際有限公司," 	5,000,000 ",電子零組件製造業,,
10102,青島海信電器股份有限公司,新設公司,台灣海信電器有限公司," 	5,000,000 ",電子零組件製造業,,
10103,CHINA ESOON LIMITED,新設公司,億迅科技股份有限公司," 	5,000,000 ",機械設備製造業,,
10106,富基電子股份有限公司,設立分公司,薩摩亞商富基電子股份有限公司在臺分公司," 	5,000,000 ",機械設備製造業,,
10108,大陸地區人民,增資,中國華拓置業股份有限公司," 	5,000,000 ",批發及零售業,廢止,
10110,大陸地區人民,增資,中證國際股份有限公司," 	5,000,000 ",批發及零售業,,
10110,上海力池機械有限公司,新設公司,立智科研有限公司," 	5,000,000 ",機械設備製造業,,
10112,衢州市邵永豐成正食品有限公司,新設公司,台灣邵永豐成正食品有限公司," 	5,000,000 ",批發及零售業,,
10112,大陸地區人民,新設公司,御師傅國際有限公司," 	5,000,000 ",餐館業,,
10201,大陸地區人民,新設公司,全盛國際實業有限公司," 	5,000,000 ",批發及零售業,,
10202,大陸地區人民,新設公司,台灣兩岸國際商務交流有限公司," 	5,000,000 ",會議服務業,,
10202,大陸地區人民,新設公司,華智匯股份有限公司," 	5,000,000 ",會議服務業,,
10204,北京亞控科技發展有限公司,設立分公司,大陸商北京亞控科技發展有限公司在臺分公司," 	5,000,000 ",批發及零售業,,
10204,三星電機(深圳)有限公司,設立分公司,大陸商深圳三星電機有限公司在臺分公司," 	5,000,000 ",電子零組件製造業,,
10204,大陸地區人民,新設公司,華信電有限公司," 	5,000,000 ",電子零組件製造業,,
10204,富基電子股份有限公司,增資,薩摩亞商富基電子股份有限公司在臺分公司," 	5,000,000 ",機械設備製造業,,
10206,大陸地區人民,投資現有公司,久芳生物科技股份有限公司," 	5,000,000 ",化學材料製造業,,
10206,大陸地區人民,新設公司,艾迪科技有限公司," 	5,000,000 ",批發及零售業,,
10207,香港商台灣奧維思有限公司,設立分公司,香港商台灣奧維思有限公司在臺分公司,"5,000,000",批發及零售業,,
10211,南京智達康無線通信科技股份有限公司,新設公司,智達康科技有限公司,"5,000,000",機械設備製造業,,
10211,大陸地區人民,增資,鳳儀天有限公司,"5,000,000",批發及零售業,,
10302,愛爾蘭商RIOT GAMES LIMITED,新設公司,銳玩遊戲有限公司,"5,000,000",批發及零售業,,
10308,北京亞控科技發展有限公司,增資,大陸商北京亞控科技發展有限公司在臺分公司,"5,000,000 ",批發及零售業,,
10401,香港商億訊(香港)有限公司,設立分公司,香港商奇沃智聯有限公司在臺分公司," 	5,000,000 ",批發及零售業,,
10204,騰星國際貿易有限公司,投資現有公司,異方京源有限公司," 	5,100,000 ",機械設備製造業,解散,
10303,香港富康生物科技股份有限公司,投資現有公司,台灣意豐生物科技股份有限公司,"5,188,800",批發及零售業,,
10306,上海暢星軟件有限公司,投資現有公司,台灣暢星科技股份有限公司,"5,380,000",批發及零售業,,
10108,大陸地區人民,新設公司,嘉信檢測科技股份有限公司," 	5,400,000 ",機械設備製造業,,
10208,深圳市美力高集團有限公司,投資現有公司,眾尋科技股份有限公司,"5,400,000",批發及零售業,,
10102,大陸地區人民,增資,中國萬家美輕紡服飾有限公司," 	5,482,185 ",批發及零售業,廢止,
10007,創毅微電子〈香港〉科技有限公司,設立分公司,香港商創毅訊聯科技有限公司在臺分公司," 	5,800,000 ",電子零組件製造業,停業至104年02月05日,
10007,大陸地區人民,新設公司,鼎森達科技有限公司," 	5,800,000 ",資訊軟體服務業,,
10003,大陸商山東省金富林進出口有限公司,設立分公司,大陸商山東省金富林進出口有限公司在臺分公司," 	5,870,000 ",廢棄物清除、處理及資源回收業,投資案已撤銷,
09901,薩摩亞商美圖國際控股有限公司,新設公司,兆曜電子科技股份有限公司," 	6,000,000 ",資訊軟體服務業,,
10001,香港商開瑞科技有限公司,設立分公司,香港商開瑞科技有限公司在臺分公司," 	6,000,000 ",電腦、電子產品及光學製品製造業,,
10002,大陸商武漢東湖新技術創業中心有限公司,新設公司,亞創科技股份有限公司," 	6,000,000 ",批發及零售業,,
10002,大陸商蘇州瑞騰電子有限公司,新設公司,臺灣瑞騰精密有限公司," 	6,000,000 ",批發及零售業,,
10002,大陸地區人民,新設公司,鑫奕商貿有限公司," 	6,000,000 ",批發及零售業,,
10003,大陸地區人民,新設公司,雍瑞開發股份有限公司," 	6,000,000 ",會議服務業,,
10006,大陸地區人民,新設公司,泉藝設計有限公司," 	6,000,000 ",專業設計服務業,,
10009,大陸地區人民,新設公司,正香商貿有限公司," 	6,000,000 ",批發及零售業,,
10009,東莞正陽電子有限公司,投資現有公司,眾家興科技股份有限公司," 	6,000,000 ",機械設備製造業,,
10009,大陸地區人民,新設公司,寧滿台實業有限公司," 	6,000,000 ",餐館業,,
10009,大陸地區人民,新設公司,福台商貿有限公司," 	6,000,000 ",批發及零售業,,
10102,香港商泰凌微電子(香港)有限公司,新設公司,台灣泰凌微電子有限公司," 	6,000,000 ",電子零組件製造業,,
10103,大陸地區人民,新設公司,丸浩有限公司," 	6,000,000 ",批發及零售業,,
10103,大陸地區人民,新設公司,衣客來服飾有限公司," 	6,000,000 ",批發及零售業,,
10105,大陸地區人民,投資現有公司,生芝生物科技有限公司," 	6,000,000 ",批發及零售業,,
10105,大陸地區人民,新設公司,鮮隆商貿有限公司," 	6,000,000 ",批發及零售業,,
10106,大陸地區人民,新設公司,丰姿卓越商貿有限公司," 	6,000,000 ",批發及零售業,,
10106,固高科技(香港)有限公司,投資現有公司,台灣固高科技股份有限公司," 	6,000,000 ",電腦、電子產品及光學製品製造業,,
10106,大陸地區人民,新設公司,鴻嫣姿商貿有限公司," 	6,000,000 ",批發及零售業,,
10110,蘇州創峰光電科技有限公司,新設公司,創峰光電科技股份有限公司," 	6,000,000 ",批發及零售業,,
10111,大陸地區人民,新設公司,紅固企業有限公司," 	6,000,000 ",批發及零售業,,
10111,大陸地區人民,新設公司,婷麗商貿有限公司," 	6,000,000 ",批發及零售業,,
10112,大陸地區人民,新設公司,台灣金川國際有限公司," 	6,000,000 ",批發及零售業,,
10112,大陸地區人民,新設公司,亞訊聯合股份有限公司," 	6,000,000 ",電子零組件製造業,,
10201,大陸地區人民,新設公司,享福旺國際實業有限公司," 	6,000,000 ",批發及零售業,,
10201,大陸地區人民,新設公司,義家餐飲有限公司," 	6,000,000 ",餐館業,,
10202,大陸地區人民,新設公司,建發有限公司," 	6,000,000 ",批發及零售業,,
10202,大陸地區人民,新設公司,銀鶯麗妃商貿有限公司," 	6,000,000 ",批發及零售業,,
10205,VAS ENTERPRISE LIMITED,新設公司,奇力科技有限公司," 	6,000,000 ",批發及零售業,,
10205,大陸地區人民,新設公司,珍芳軒實業有限公司," 	6,000,000 ",批發及零售業,,
10205,新加坡商原柚本居有限公司,設立分公司,新加坡商原柚本居有限公司在臺分公司," 	6,000,000 ",批發及零售業,,
10208,香港商先鋒醫藥 (香港) 有限公司,新設公司,先鋒泰醫藥股份有限公司,"6,000,000",批發及零售業,,
10210,英屬維京群島商HUGO MARK CAPITAL LIMITED,設立分公司,英屬維京群島商泡芙網遊戲有限公司在臺分公司,"6,000,000 ",批發及零售業,,
10210,大陸地區人民,新設公司,運安有限公司," 	6,000,000 ",批發及零售業,解散,
10211,大陸地區人民,新設公司,璽寶來珠寶有限公司,"6,000,000",批發及零售業,,
10301,大陸地區人民,新設公司,眾鴻電子科技有限公司,"6,000,000",批發及零售業,,
10302,大陸地區人民,新設公司,沃思坦醫療器械有限公司,"6,000,000",批發及零售業,,
10303,薩摩亞策雄有限公司,新設公司,力堅國際有限公司,"6,000,000",批發及零售業,,
10303,大陸地區人民,新設公司,大師藏國際有限公司,"6,000,000",批發及零售業,已審定,
10303,大陸地區人民,新設公司,台灣永信長榮有限公司,"6,000,000",批發及零售業,,
10304,廣東威創視訊科技股份有限公司,設立分公司,廣東威創視訊科技股份有限公司在臺分公司," 	6,000,000 ",電腦、電子產品及光學製品製造業,,
10305,大陸地區人民,新設公司,海泉匯有限公司," 	6,000,000 ",批發及零售業,,
10306,蘇州工業園區新明亞電子科技有限公司,新設公司,台灣新明亞電子科技有限公司,"6,000,000",批發及零售業,,
10306,福州金富琳食品有限公司,新設公司,臺灣金鑫國際實業有限公司,"6,000,000",批發及零售業,,
10308,大陸地區人民,新設公司,艾黛兒有限公司,"6,000,000 ",批發及零售業,,
10308,福建省清英海西國際商品交易市場管理有限公司,新設公司,臺灣海西國際商品有限公司,"6,000,000 ",批發及零售業,,
10309,大陸地區人民,新設公司,台北參差有限公司,"6,000,000 ",批發及零售業,,
10312,大陸地區人民,新設公司,合輝國際企業有限公司," 	6,000,000 ",批發及零售業,,
10312,北京便宜坊烤鴨集團有限公司,投資現有公司,便宜坊烤鴨股份有限公司," 	6,000,000 ",餐館業,,
10401,大陸地區人民,增資,銘威達有限公司," 	6,000,000 ",批發及零售業,,
10402,大陸地區人民,新設公司,台灣保萊塔生技有限公司," 	6,000,000 ",批發及零售業,,
10112,香港商泰格醫藥科技有限公司,投資現有公司,臺灣泰格國際醫藥股份有限公司," 	6,012,000 ",研究發展服務業,,
10102,大陸地區人民,新設公司,中華生產力國際有限公司," 	6,049,600 ",會議服務業,,
10103,大陸地區人民,新設公司,瑞翔開發設計有限公司," 	6,100,000 ",專業設計服務業,,
10211,大陸地區人民,新設公司,中建有限公司,"6,100,000",批發及零售業,,
10302,大陸地區人民,新設公司,雲露有限公司,"6,100,000",批發及零售業,,
10303,大陸地區人民,新設公司,台恒益有限公司,"6,100,000",批發及零售業,,
10312,廣州市金泉生物科技有限公司,設立分公司,大陸商廣州金泉生物科技有限公司在臺分公司," 	6,100,000 ",研究發展服務業,,
10403,大陸地區人民,新設公司,銘豪有限公司,"6,100,000 ",批發及零售業,,
10308,大陸地區人民,新設公司,元晟國際實業有限公司,"6,168,000 ",批發及零售業,,
09911,大陸地區人民,新設公司,東秦商貿有限公司," 	6,200,000 ",批發及零售業,停業至104年04月30日,
09911,大陸地區人民,新設公司,德爾惠商貿有限公司," 	6,200,000 ",批發及零售業,,
10109,大陸地區人民,投資現有公司,海峽國際商務有限公司," 	6,200,000 ",會議服務業,,
10110,大陸地區人民,新設公司,台灣潤發國際行銷有限公司," 	6,200,000 ",批發及零售業,,
10205,大陸地區人民,新設公司,聚信有限公司," 	6,200,000 ",批發及零售業,,
10208,大陸地區人民,增資,美迪亞設計股份有限公司," 	6,200,000 ",專業設計服務業,解散,
10211,大陸地區人民,新設公司,裕景國際有限公司,"6,200,000",批發及零售業,,
10212,大陸地區人民,投資現有公司,台蒙開發有限公司," 	6,200,000 ",會議服務業,,
10212,大陸地區人民,投資現有公司,基太科海有限公司," 	6,200,000 ",會議服務業,,
09909,大陸地區人民,投資現有公司,愛歐特股份有限公司," 	6,300,000 ",資訊軟體服務業,,
10107,廈門陸島酒店有限公司,新設公司,金門陸島酒店有限公司," 	6,300,000 ",住宿服務業,,
10111,福建佰商投資有限公司,新設公司,佰商有限公司," 	6,300,000 ",批發及零售業,,
10205,大陸地區人民,新設公司,臺灣津誠企業有限公司," 	6,300,000 ",批發及零售業,,
10212,大陸地區人民,增資,台灣世家國際拍賣有限公司," 	6,300,000 ",批發及零售業,,
10302,大陸地區人民,投資現有公司,台光光電股份有限公司,"6,300,000",批發及零售業,,
10306,大陸地區人民,新設公司,台灣精工鴻業工業有限公司,"6,300,000",批發及零售業,,
10310,英屬維京群島商BONUS BOOST HOLDINGS LIMITED,新設公司,寶盛國際實業有限公司," 	6,300,000 ",批發及零售業,,
10401,大陸地區人民,新設公司,德玥有限公司," 	6,300,000 ",批發及零售業,,
10404,英屬維京群島商gYONGKANG TRADING INC.,設立分公司,英屬維京群島商永康國際企業有限公司在臺分公司,"6,300,000",批發及零售業,,
10212,香港商金利表面材料應用科技有限公司,增資,台灣金利表面材料應用科技有限公司," 	6,345,433 ",批發及零售業,,
09909,大陸地區人民,新設公司,滿福林麵館," 	6,350,000 ",餐館業,歇業／撤銷,
09905,大陸地區人民,新設公司,雲龍軒黃金股份有限公司," 	6,400,000 ",批發及零售業,,
10001,大陸商哈森商貿（中國）有限公司,新設公司,台灣哈森興業有限公司," 	6,400,000 ",批發及零售業,,
10109,大陸地區人民,新設公司,正知實業有限公司," 	6,400,000 ",批發及零售業,,
10306,永和食品(中國)有限公司,新設公司,台灣永和食品有限公司,"6,400,000",餐館業,,
10401,大陸地區人民,新設公司,臺灣嘉華永裕國際有限公司," 	6,400,000 ",批發及零售業,,
10104,科倍隆〈南京〉機械有限公司,設立分公司,大陸商科倍隆機械系統有限公司在臺分公司," 	6,405,000 ",產業用機械設備維修及安裝業,,
09907,大陸商杭州愛莉芬旅遊有限公司,設立分公司,大陸商杭州愛麗芬有限公司在臺分公司," 	6,408,000 ",批發及零售業,,
10309,大陸地區人民,投資現有公司,T1照明科技股份有限公司,"6,410,000 ",電子零組件製造業,,
09904,大陸商山西運城製版集團股份有限公司,新設公司,運城包裝設計有限公司," 	6,500,000 ",專業設計服務業,解散,
09910,香港商ADSAME,新設公司,傳漾網路科技有限公司," 	6,500,000 ",資訊軟體服務業,,
09911,大陸地區人民,新設公司,成西國際有限公司," 	6,500,000 ",批發及零售業,,
10003,大陸商廣州大凌實業股份有限公司,新設公司,臺灣大凌技術有限公司," 	6,500,000 ",批發及零售業,,
10004,大陸商藍思科技(湖南)有限公司,新設公司,藍思國際電子有限公司," 	6,500,000 ",批發及零售業,,
10012,大陸地區人民,新設公司,弘昌建材有限公司," 	6,500,000 ",批發及零售業,,
10107,廈門金鷺特種合金有限公司,新設公司,台北金鷺特種合金有限公司," 	6,500,000 ",電子零組件製造業,,
10204,大陸地區人民,新設公司,台灣美青國際有限公司," 	6,500,000 ",批發及零售業,,
10209,大陸地區人民,新設公司,中江建材股份有限公司," 	6,500,000 ",批發及零售業,,
10210,大陸地區人民,新設公司,蓉蓉產業有限公司," 	6,500,000 ",批發及零售業,,
10302,大陸地區人民,新設公司,卓駿有限公司,"6,500,000",餐館業,,
10306,香港商惠科海外有限公司,新設公司,台灣惠科科技有限公司,"6,500,000",批發及零售業,,
10308,大陸地區人民,新設公司,永恆車業有限公司,"6,500,000 ",批發及零售業,,
10312,大陸地區人民,新設公司,味中味餐飲有限公司," 	6,500,000 ",餐館業,,
10312,寧波明熙物資有限公司,新設公司,鷺元素國際有限公司," 	6,500,000 ",批發及零售業,,
10404,崑山恒祥機電有限公司,新設公司,恒祥機電有限公司,"6,500,000",批發及零售業,,
10404,大陸地區人民,新設公司,富士多電子科技有限公司,"6,500,000",批發及零售業,,
09907,大陸地區人民,投資現有公司,迪夢兒生物科技有限公司," 	6,520,000 ",電腦、電子產品及光學製品製造業,停業至104年08月13日,
10106,大陸地區人民,新設公司,晉臺寰宇商務股份有限公司," 	6,575,000 ",機械設備製造業,,
09901,大陸地區人民,新設公司,奇鵬國際有限公司," 	6,600,000 ",批發及零售業,,
09902,大陸地區人民,新設公司,芯智股份有限公司," 	6,600,000 ",電子零組件製造業,,
10107,大陸地區人民,新設公司,臨安永順股份有限公司," 	6,600,000 ",批發及零售業,,
10004,大陸地區人民,新設公司,韻達有限公司," 	6,800,000 ",批發及零售業,,
10312,大陸地區人民,新設公司,天賜有限公司," 	6,800,000 ",電力設備製造業,,
09812,大陸商熱鍵科技（深圳）有限公司,新設公司,台灣雷柏有限公司," 	7,000,000 ",批發及零售業,,
09907,香港商陽光世紀投資有限公司,新設公司,網訊通訊股份有限公司," 	7,000,000 ",電腦、電子產品及光學製品製造業,,
09907,大陸地區人民,投資現有公司,鴻富食品實業有限公司," 	7,000,000 ",批發及零售業,,
09912,新加坡商SHANGHAI SPRING INVESTMENT PTE.LTD,新設公司,富必達國際事業有限公司," 	7,000,000 ",批發及零售業,解散,
10001,大陸地區人民,新設公司,陶然居樂活館有限公司," 	7,000,000 ",批發及零售業,,
10007,大陸地區人民,新設公司,巴黎蜜約有限公司," 	7,000,000 ",批發及零售業,,
10008,大陸地區人民,新設公司,晶泰建材有限公司," 	7,000,000 ",批發及零售業,解散,
10011,重慶籮倫詩服飾有限公司,設立分公司,大陸商重慶籮倫詩服飾有限公司在臺分公司," 	7,000,000 ",批發及零售業,核准函已失效,
10012,大陸地區人民,增資,鴻富食品實業有限公司," 	7,000,000 ",批發及零售業,,
10101,大陸地區人民,新設公司,新正實業有限公司," 	7,000,000 ",批發及零售業,,
10102,大陸地區人民,增資,富訊科技股份有限公司," 	7,000,000 ",批發及零售業,解散,
10107,大陸地區人民,新設公司,中華生產力國際有限公司（新增投資人）," 	7,000,000 ",批發及零售業,,
10107,大陸地區人民,新設公司,富訊科技股份有限公司（新增投資人）," 	7,000,000 ",批發及零售業,,
10108,大陸地區人民,增資,中國華拓置業股份有限公司," 	7,000,000 ",批發及零售業,廢止,
10108,大陸地區人民,新設公司,中證國際股份有限公司," 	7,000,000 ",批發及零售業,,
10108,大陸地區人民,新設公司,玉梅花商貿有限公司," 	7,000,000 ",批發及零售業,,
10108,大陸地區人民,增資,晶泰建材有限公司," 	7,000,000 ",批發及零售業,解散,
10111,大陸地區人民,增資,中國華拓置業股份有限公司," 	7,000,000 ",批發及零售業,廢止,
10201,大陸地區人民,投資現有公司,彩誠國際有限公司," 	7,000,000 ",會議服務業,,
10204,大陸地區人民,新設公司,俱佳有限公司," 	7,000,000 ",餐館業,,
10301,大連浩德石化有限公司,新設公司,台灣浩德能源股份有限公司,"7,000,000",批發及零售業,解散,
10307,大陸地區人民,增資,俱佳有限公司,"7,000,000 ",餐館業,,
10307,大陸地區人民,新設公司,楷通有限公司,"7,000,000 ",批發及零售業,,
10401,香港商新世紀商貿有限公司,新設公司,台灣德明文化發展有限公司," 	7,000,000 ",批發及零售業,,
10404,大陸地區人民,新設公司,慧日有限公司,"7,000,000",批發及零售業,,
09909,大陸商浙江永力達數控機床有限公司,新設公司,永力達機械工業股份有限公司," 	7,200,000 ",批發及零售業,,
09911,英屬維京群島商信中利國際控股有限公司,新設公司,新中國際商貿文化有限公司," 	7,200,000 ",會議服務業,,
10007,大陸地區人民,新設公司,生命智慧有限公司," 	7,200,000 ",批發及零售業,,
10404,大陸地區人民,投資現有公司,比克能源股份有限公司,"7,200,000",批發及零售業,,
10402,大陸地區人民,新設公司,錦漢國際有限公司," 	7,500,000 ",批發及零售業,,
09908,大陸地區人民,增資,福盛達有限公司," 	8,000,000 ",批發及零售業,,
10003,大陸地區人民,投資現有公司,啟發國際股份有限公司," 	8,000,000 ",橡膠製品製造業,,
10005,大陸地區人民,新設公司,泓達環球企業有限公司," 	8,000,000 ",批發及零售業,解散,
10101,大陸地區人民,新設公司,天欣科貿有限公司," 	8,000,000 ",機械設備製造業,,
10103,大陸地區人民,投資現有公司,超達閥門股份有限公司," 	8,000,000 ",批發及零售業,,
10203,大陸地區人民,增資,六合九州有限公司," 	8,000,000 ",批發及零售業,,
10204,大陸地區人民,新設公司,台來寶國際實業有限公司," 	8,000,000 ",批發及零售業,,
10208,大陸地區人民,新設公司,全球通煙草股份有限公司,"8,000,000",批發及零售業,,
10401,大陸地區人民,新設公司,利予國際有限公司," 	8,000,000 ",批發及零售業,,
10404,大陸地區人民,新設公司,銘基國際有限公司,"8,000,000",批發及零售業,,
09903,香港商香港佰草集有限公司,設立分公司,香港商香港佰草集有限公司在臺分公司," 	8,350,000 ",批發及零售業,,
10010,韋爾半導體香港有限公司,增資,香港商韋爾半導體有限公司在臺分公司," 	8,500,000 ",電子零組件製造業,,
10310,香港商漢鐘精機（香港）有限公司,新設公司,漢力能源科技股份有限公司," 	8,500,000 ",機械設備製造業,,
10009,大陸地區人民,新設公司,臺灣運城國際有限公司," 	8,659,800 ",批發及零售業,,
09812,大陸商廣州大凌實業股份有限公司,設立分公司,大陸商廣州大凌實業股份有限公司在臺分公司," 	8,750,000 ",批發及零售業,停業至104年10月25日,
10209,博彥國際有限公司,新設公司,博彥科技有限公司," 	8,800,000 ",批發及零售業,,
10005,大陸地區人民,新設公司,凱聚網絡股份有限公司," 	9,000,000 ",資訊軟體服務業,解散,
10011,福州永德心進出口有限公司,投資現有公司,杰鴻貿易有限公司," 	9,000,000 ",批發及零售業,,
10102,大陸地區人民,新設公司,綠富企業股份有限公司," 	9,000,000 ",批發及零售業,,
10105,大陸地區人民,新設公司,寶爾惠商貿有限公司," 	9,000,000 ",批發及零售業,,
10107,大陸地區人民,投資現有公司,科奇國際股份有限公司," 	9,000,000 ",塑膠製品製造業,,
10112,大陸地區人民,新設公司,金麗玉商貿有限公司," 	9,000,000 ",批發及零售業,,
10202,大陸地區人民,新設公司,怡浦股份有限公司," 	9,000,000 ",批發及零售業,,
10202,福州永德心進出口有限公司,增資,杰鴻貿易有限公司," 	9,000,000 ",批發及零售業,,
10202,大陸地區人民,投資現有公司,門德揚拍賣股份有限公司," 	9,000,000 ",批發及零售業,,
10203,大陸地區人民,新設公司,洪愛國際實業有限公司," 	9,000,000 ",批發及零售業,,
10212,香港商固高科技(香港)有限公司,增資,台灣固高科技股份有限公司," 	9,000,000 ",電腦、電子產品及光學製品製造業,,
10301,香港商磊科實業（香港）有限公司,新設公司,網是科技有限公司,"9,000,000",批發及零售業,,
10305,香港商貝能國際有限公司,投資現有公司,霳昇科技股份有限公司," 	9,000,000 ",批發及零售業,,
10310,香港商APEX MICROTECH LIMITED,新設公司,台灣艾勝科技有限公司," 	9,000,000 ",批發及零售業,,
10003,大陸商昆山金利表面材料應用科技股份有限公司,新設公司,台灣金利表面材料應用科技有限公司," 	9,300,000 ",批發及零售業,,
10110,昆山新萊潔淨應用材料股份有限公司,新設公司,新萊應材科技有限公司," 	9,300,000 ",批發及零售業,,
10402,大陸地區人民,增資,益生國際企業有限公司," 	9,500,000 ",餐館業,,
09906,香港商中國檢驗有限公司,設立分公司,香港商中檢實業有限公司在臺分公司," 	9,590,000 ",技術檢測及分析服務業,,
09908,大陸商泉州安通物流有限公司,設立分公司,大陸商泉州安通有限公司在臺分公司," 	9,600,000 ",批發及零售業,,
09909,大陸商勁威精密模具電器(蘇州)有限公司,設立分公司,大陸商蘇州勁威精密電器有限公司在臺分公司," 	9,600,000 ",塑膠製品製造業,,
09904,香港商現代傳播有限公司,設立分公司,香港商現代傳播有限公司在臺分公司," 	10,000,000 ",批發及零售業,,
09905,大陸商福州超大現代農業發展有限公司,新設公司,臺灣超大現代農業有限公司," 	10,000,000 ",批發及零售業,,
09909,大陸商湖州丁蓮芳食品有限公司,設立分公司,大陸商湖州丁蓮芳食品有限公司在臺分公司," 	10,000,000 ",餐館業,,
09910,英屬維京群島商FIRSTAR LIMITED,新設公司,華潤芯電子有限公司," 	10,000,000 ",批發及零售業,,
10003,大陸商北京愛慕內衣有限公司,新設公司,臺灣愛慕股份有限公司," 	10,000,000 ",批發及零售業,停業至104年06月09日,
10005,大陸地區人民,新設公司,金道文化傳播有限公司," 	10,000,000 ",批發及零售業,,
10005,大陸地區人民,新設公司,海頌置業股份有限公司," 	10,000,000 ",資訊軟體服務業,停業至104年04月27日,
10006,金蝶國際軟件集團(香港)有限公司,新設公司,台灣金蝶軟體有限公司," 	10,000,000 ",批發及零售業,,
10006,香港商捷濤有限公司,投資現有公司,捷濤有限公司," 	10,000,000 ",資訊軟體服務業,,
10007,香港商匯聯國際集團有限公司,新設公司,子墨養生園有限公司," 	10,000,000 ",批發及零售業,,
10008,大陸地區人民,新設公司,中國大華飛捷實業有限公司," 	10,000,000 ",批發及零售業,,
10008,大陸地區人民,新設公司,中國森源實業有限公司," 	10,000,000 ",批發及零售業,解散,
10008,大陸地區人民,新設公司,中國萬家美輕紡服飾有限公司," 	10,000,000 ",批發及零售業,廢止,
10009,大陸地區人民,新設公司,中國華拓置業股份有限公司," 	10,000,000 ",批發及零售業,廢止,
10009,大陸商深圳市乾德電子有限公司,增資,乾德電子有限公司," 	10,000,000 ",批發及零售業,,
10009,大陸地區人民,新設公司,華逸雄實業有限公司," 	10,000,000 ",批發及零售業,,
10010,俏江南控股集團(香港)有限公司,設立分公司,香港商俏江南有限公司在臺分公司," 	10,000,000 ",餐館業,,
10010,大陸商深圳市乾德電子有限公司,增資,乾德電子有限公司," 	10,000,000 ",批發及零售業,,
10011,香港商永信新材料有限公司,新設公司,永信新材料有限公司," 	10,000,000 ",批發及零售業,,
10011,大陸地區人民,新設公司,富訊科技股份有限公司," 	10,000,000 ",批發及零售業,解散,
10012,薩摩亞商昌順科技有限公司,設立分公司,薩摩亞商昌順科技有限公司在臺分公司," 	10,000,000 ",批發及零售業,,
10101,大陸地區人民,新設公司,中國盛鑫置業股份有限公司," 	10,000,000 ",批發及零售業,,
10101,WISE VANGUARD LIMITED,新設公司,銓勵國際股份有限公司," 	10,000,000 ",批發及零售業,,
10102,大陸地區人民,新設公司,中國鑫峰實業有限公司," 	10,000,000 ",批發及零售業,,
10103,VANCEINFO CREATIVE SOFTWARE TECHNOLOGY LTD.,設立分公司,英屬維京群島商文思海輝技術有限公司在臺分公司," 	10,000,000 ",批發及零售業,,
10106,大陸地區人民,新設公司,儷人坊商貿有限公司," 	10,000,000 ",批發及零售業,,
10107,富土投資有限公司,增資,子墨養生園有限公司," 	10,000,000 ",批發及零售業,,
10109,香港航空有限公司,設立分公司,香港商香港航空有限公司在臺分公司," 	10,000,000 ",運輸及倉儲業,,
10109,漢能集團(香港)有限公司,設立分公司,香港商漢能國際有限公司在臺分公司," 	10,000,000 ",電子零組件製造業,,
10110,欣威電子有限公司,設立分公司,香港商欣威旺電子有限公司在臺分公司," 	10,000,000 ",批發及零售業,,
10202,大陸地區人民,投資現有公司,銀萬科技股份有限公司," 	10,000,000 ",資訊軟體服務業,,
10209,大陸地區人民,新設公司,精一科技電子化學品有限公司," 	10,000,000 ",批發及零售業,,
10211,香港商SHENGYI TECHNOLOGY（HONG KONG）COMPANY LIMITED,新設公司,台灣生益科技有限公司,"10,000,000",批發及零售業,,
10211,香港商CHINACACHE NETWORKS(HONG KONG) LIMITED,新設公司,台灣藍汛通信技術有限公司," 	10,000,000 ",批發及零售業,,
10211,大陸地區人民,投資現有公司,欣麟科技股份有限公司,"10,000,000",批發及零售業,,
10212,香港商中國通信服務(香港)國際有限公司,設立分公司,香港商中通服國際股份有限公司在臺分公司," 	10,000,000 ",批發及零售業,,
10301,香港商安邦控股集團(香港)有限公司,新設公司,安邦國際有限公司,"10,000,000",批發及零售業,,
10301,大陸地區人民,新設公司,神米餐飲有限公司,"10,000,000",餐館業,,
10302,香港商芯邦科技（香港）有限公司,設立分公司,香港商芯邦微電子有限公司在臺分公司,"10,000,000",批發及零售業,,
10304,英屬維京群島商MILIKUDO MATERIAL INVESTMENT LTD,設立分公司,英屬維京群島商米庫材料有限公司在臺分公司," 	10,000,000 ",塑膠製品製造業,,
10305,泉州錦宏包裝產品設計有限公司,新設公司,台灣錦呈國際有限公司," 	10,000,000 ",批發及零售業,,
10308,香港寶尊香港有限公司,新設公司,台灣寶尊網路銷售股份有限公司,"10,000,000 ",批發及零售業,停業至105年3月31日,
10312,大陸地區人民,新設公司,京曼電子有限公司," 	10,000,000 ",批發及零售業,,
10312,大陸地區人民,新設公司,榮勝企業有限公司," 	10,000,000 ",批發及零售業,,
10401,石家莊以岭藥業股份有限公司,新設公司,台灣以岭健康城科技有限公司," 	10,000,000 ",批發及零售業,,
10403,廈門華興峰航進出口有限公司,新設公司,台灣華運商貿有限公司,"10,000,000 ",批發及零售業,,
10403,易得利集團有限公司,新設公司,臺灣好易來發展企業有限公司,"10,000,000 ",批發及零售業,,
10404,大陸商博凱機械(上海)有限公司,設立分公司,大陸商上海博凱機械有限公司在臺分公司,"10,000,000",批發及零售業,,
10202,松井新材料(香港)有限公司,設立分公司,香港商松井新材料有限公司在臺分公司,"10,100,000 ",批發及零售業,,
10304,香港商詠銘實業有限公司,新設公司,台灣詠銘國際有限公司," 	10,200,000 ",批發及零售業,,
10305,香港商TP-LINK INTERNATIONAL LIMITED,新設公司,台灣普聯研發有限公司," 	10,500,000 ",批發及零售業,,
10309,香港商同洲電子（香港）有限公司,新設公司,台灣優迅維科技有限公司,"11,000,000 ",批發及零售業,,
10402,大陸地區人民,增資,綠富企業股份有限公司," 	11,000,000 ",批發及零售業,,
09904,大陸商杭州愛麗芬進出口有限公司,新設公司,台灣愛麗芬進出口有限公司," 	11,214,000 ",批發及零售業,,
09904,大陸商山東海豐航運有限公司,設立分公司,大陸商山東海豐航運有限公司在臺分公司," 	12,000,000 ",運輸及倉儲業,,
10001,大陸商福建閩台農產品市場有限公司,新設公司,台灣閩台農產有限公司," 	12,000,000 ",批發及零售業,,
10010,大陸商浙江永力達數控機床有限公司,增資,永力達機械工業股份有限公司," 	12,000,000 ",批發及零售業,,
10101,福建海峽高速客滾航運有限公司,設立分公司,大陸商福建海峽高速客滾航運有限公司在臺分公司," 	12,000,000 ",批發及零售業,,
10307,大陸地區人民,新設公司,安達興科技有限公司,"12,000,000 ",機械設備製造業,,
09808,大陸商福建新大陸電腦股份有限公司,投資現有公司,臺灣新大陸資訊科技股份有限公司," 	12,000,720 ",資訊軟體服務業,,
10211,大陸地區人民,新設公司,丞信有限公司,"12,400,000",批發及零售業,,
10310,大陸地區人民,新設公司,和展國際有限公司," 	12,400,000 ",租賃業,,
10312,大陸地區人民,新設公司,健邦環科國際有限公司," 	12,400,000 ",批發及零售業,,
10005,福建東方海運有限公司,設立分公司,大陸商福建東方海運有限公司在臺分公司," 	12,500,000 ",運輸及倉儲業,,
10001,大陸商太倉敬富塑膠製品有限公司,設立分公司,大陸商太倉敬富塑膠製品有限公司在臺分公司," 	12,800,000 ",批發及零售業,,
10203,北京匯冠新技術股份有限公司,新設公司,台灣匯冠觸控科技有限公司," 	12,879,000 ",電子零組件製造業,,
10205,大陸地區人民,增資,彩誠國際有限公司," 	13,000,000 ",會議服務業,,
10310,英屬蓋曼群島CINDA CREATIVE INDUSTRY INVESTMENT FUND L.P.,增資,樂陞科技股份有限公司,"13,194,140",批發及零售業,,
09809,大陸商北京崑崙萬維科技有限公司,新設公司,台灣昆侖萬維股份有限公司," 	13,500,000 ",資訊軟體服務業,,
10306,大陸地區人民,增資,象形國際文化傳播有限公司,"13,500,000",會議服務業,,
10204,大陸商揚州市揚子江投資發展集團有限責任公司,增資,揚州冶春淮揚美食股份有限公司," 	13,725,000 ",餐館業,,
10404,大陸地區人民,新設公司,華鉑股份有限公司,"13,800,000",批發及零售業,,
09910,大陸地區人民,投資現有公司,晶化生技醫藥股份有限公司," 	13,875,000 ",批發及零售業,,
09902,大陸地區人民,新設公司,氟聚高科技股份有限公司," 	14,000,000 ",批發及零售業,,
10201,江蘇康得新複合材料股份有限公司,新設公司,台灣康得新複合材料股份有限公司," 	14,100,000 ",研究發展服務業,,
10005,國光電器股份有限公司,新設公司,台灣國光科技有限公司," 	14,700,000 ",電腦、電子產品及光學製品製造業,解散,
10210,韋爾半導體香港有限公司,增資,香港商韋爾半導體有限公司在臺分公司,"14,951,207 ",電子零組件製造業,,
09905,大陸商中浙國際貿易中心有限公司,新設公司,臺灣浙江名品展示中心有限公司," 	15,000,000 ",批發及零售業,,
10002,大陸地區人民,新設公司,碩泰汽車股份有限公司," 	15,000,000 ",批發及零售業,,
10007,英屬維京群島商用友資訊軟體股份有限公司,新設公司,台灣用友資訊軟體有限公司," 	15,000,000 ",批發及零售業,,
10101,大陸地區人民,新設公司,"趙氏兄弟貿易股份有限公司
(已修正為趙氏兄弟股份有限公司)"," 	15,000,000 ",批發及零售業,,
10102,大陸地區人民,新設公司,趙氏兄弟股份有限公司," 	15,000,000 ",批發及零售業,,
10105,大陸地區人民,新設公司,銀娛文化傳播股份有限公司," 	15,000,000 ",會議服務業,,
10107,大陸地區人民,新設公司,龍沃進出口有限公司," 	15,000,000 ",批發及零售業,,
10108,大陸地區人民,增資,中國大華飛捷實業有限公司," 	15,000,000 ",批發及零售業,,
10110,大陸地區人民,新設公司,榮益環保科技股份有限公司," 	15,000,000 ",廢棄物清除、處理及資源回收業,,
10205,香港商香港花樣年投資控股集團有限公司,增資,台灣花樣年開發股份有限公司," 	15,000,000 ",批發及零售業,,
10206,大陸地區人民,投資現有公司,台灣押花事業股份有限公司," 	15,000,000 ",化學材料製造業,,
10208,香港商FOGA TECH LIMITED,新設公司,云游股份有限公司,"15,000,000",資訊軟體服務業,,
10208,山東共達電聲股份有限公司,新設公司,台灣共達電聲有限公司,"15,000,000",批發及零售業,,
10301,泉州海天材料科技股份有限公司,新設公司,台灣斯麥特實業有限公司,"15,000,000",批發及零售業,,
10302,大陸地區人民,投資現有公司,珍的國際有限公司,"15,000,000",批發及零售業,,
10309,香港商香港龍澤潤寶國際珠寶品牌有限公司,增資,台灣龍澤潤寶股份有限公司,"15,000,000 ",批發及零售業,,
10310,北京東方廣視科技股份有限公司,新設公司,台灣東方廣視科技有限公司," 	15,000,000 ",租賃業,,
10310,香港商藍思國際 (香港) 有限公司,新設公司,藍思國際有限公司," 	15,000,000 ",批發及零售業,,
10311,英屬維京群島商用友資訊軟體股份有限公司,增資,台灣用友資訊軟體有限公司,"15,000,000 ",批發及零售業,,
10201,英屬維京群島DIANPING INVESTMENT LIMITED,投資現有公司,紅谷資訊股份有限公司," 	15,120,000 ",批發及零售業,,
10105,淘米控股有限公司,增資,童樂科技股份有限公司," 	15,210,810 ",批發及零售業,,
10301,香港商香港邊城體育用品有限公司,投資現有公司,邊城戶外用品有限公司,"15,300,000",批發及零售業,,
10011,常州蘇晶電子材料有限公司,新設公司,台灣蘇晶股份有限公司," 	15,500,000 ",電子零組件製造業,,
10203,無錫光云通信科技有限公司,設立分公司,大陸商光雲通信科技有限公司在臺分公司," 	17,000,000 ",專業設計服務業,,
09908,大陸商山東共達電聲股份有限公司,設立分公司,大陸商山東共達電聲股份有限公司在臺分公司," 	17,500,000 ",批發及零售業,,
10102,"薩摩亞JUNGLETAC INTERACTIVE CO., LIMITED",投資現有公司,魔法互動股份有限公司," 	18,000,000 ",批發及零售業,,
10201,大陸地區人民,投資現有公司,大紘科技股份有限公司," 	18,000,000 ",機械設備製造業,,
10401,香港商固高科技(香港)有限公司,增資,台灣固高科技股份有限公司," 	18,000,000 ",電腦、電子產品及光學製品製造業,,
10305,上海集寬國際貿易有限公司,新設公司,弘鶴有限公司," 	18,300,000 ",批發及零售業,,
10011,淘米控股有限公司,新設公司,童樂科技股份有限公司," 	18,590,990 ",批發及零售業,,
10111,大陸地區人民,投資現有公司,未來之光光電股份有限公司," 	18,910,000 ",批發及零售業,陸資持股已全數轉讓,
09910,英屬維京群島商閎創投資有限公司,設立分公司,英屬維京群島商閎創科技有限公司在臺分公司," 	19,000,000 ",電腦、電子產品及光學製品製造業,,
10401,香港商香港仁和投資發展有限公司,投資現有公司,旭璟科技股份有限公司," 	19,200,000 ",批發及零售業,,
10307,香港商上海客車銷售有限公司,投資現有公司,唐榮車輛科技股份有限公司,"19,590,000 ",未分類其他運輸工具及其零件製造業,,
09812,香港商香港及成有限公司,設立分公司,香港商香港及成有限公司在臺分公司," 	20,000,000 ",批發及零售業,,
09906,大陸商江蘇天工工具有限公司,新設公司,新正工股份有限公司," 	20,000,000 ",批發及零售業,,
10002,香港商香港花樣年投資控股集團有限公司,新設公司,台灣花樣年開發股份有限公司," 	20,000,000 ",批發及零售業,,
10005,美盈森(香港)國際控股有限公司,新設公司,台灣美盈森有限公司," 	20,000,000 ",批發及零售業,,
10009,大陸商江蘇天工工具有限公司,增資,新正工股份有限公司," 	20,000,000 ",批發及零售業,,
10010,大陸商江蘇天工工具有限公司,增資,新正工股份有限公司," 	20,000,000 ",批發及零售業,,
10203,寶達投資(香港)有限公司,新設公司,臺灣寶達興業有限公司," 	20,000,000 ",批發及零售業,,
10305,香港商中國蘭陵國際投資集團有限公司等,新設公司,台灣龍湘國際有限公司," 	20,000,000 ",批發及零售業,,
10201,昆山新萊潔淨應用材料股份有限公司,增資,新萊應材科技有限公司," 	21,000,000 ",批發及零售業,,
10208,英屬維京群島世安控股有限公司,新設公司,双迎股份有限公司,"21,000,000",批發及零售業,,
10209,英屬蓋曼群島CINDA CREATIVE INDUSTRY INVESTMENT FUND L.P.,增資,樂陞科技股份有限公司,"21,451,690",批發及零售業,,
10306,大陸地區人民,新設公司,德驛國際股份有限公司,"22,500,000",批發及零售業,,
10107,常州蘇晶電子材料有限公司,增資,台灣蘇晶股份有限公司," 	23,500,000 ",電子零組件製造業,,
10209,上海海優威電子技術有限公司,投資現有公司,台灣海優威新材料股份有限公司," 	23,820,000 ",塑膠製品製造業,,
10101,常熟華融太陽能新型材料有限公司,投資現有公司,晶呈科技股份有限公司," 	24,000,000 ",批發及零售業,,
10204,通達(廈門)通訊有限公司,新設公司,台灣通達通訊有限公司," 	24,000,000 ",電子零組件製造業,,
10312,鎮江通球眼鏡有限公司,投資現有公司,邁視樂國際有限公司," 	24,000,000 ",批發及零售業,,
10009,英屬蓋曼群島APPOTRONICS LTD.,投資現有公司,杭橙光學股份有限公司," 	24,374,629 ",電子零組件製造業,,
10006,上海歐美藥妝保健用品有限公司,新設公司,台灣鷗美美妝有限公司," 	25,000,000 ",批發及零售業,停業至103年08月31日,
10304,深圳市匯川技術股份有限公司,新設公司,賽川機電股份有限公司," 	25,000,000 ",機械設備製造業,,
10401,新加坡商HAI DI LAO HOLDINGS PTE.LTD.,新設公司,海底撈火鍋股份有限公司," 	25,000,000 ",餐館業,,
10402,廈門立達信光電有限公司,新設公司,立信電子科技有限公司," 	25,000,000 ",電子零組件製造業,,
10005,開山壓縮機(香港)有限公司,新設公司,台灣開山壓縮機有限公司," 	26,000,000 ",批發及零售業,,
10008,鴻合科技(香港)有限公司,新設公司,鴻合亞太科技股份有限公司," 	27,000,000 ",電子零組件製造業,,
10206,采盛控股有限公司,新設公司,開宇研究諮詢股份有限公司," 	27,450,000 ",研究發展服務業,,
10211,北京紅星股份有限公司,新設公司,台灣紅星股份有限公司,"27,500,000",批發及零售業,,
10109,大陸地區人民,增資,中國華拓置業股份有限公司," 	28,000,000 ",批發及零售業,廢止,
10401,香港商上海客車銷售有限公司,增資,唐榮車輛科技股份有限公司," 	28,410,000 ",未分類其他運輸工具及其零件製造業,,
10012,大連帝國屏蔽電泵有限公司,投資現有公司,台灣帝國泵浦股份有限公司," 	28,500,000 ",產業用機械設備維修及安裝業,,
10105,金 (香港) 貿易有限公司,新設公司,聯洲國際有限公司," 	29,000,000 ",批發及零售業,,
10308,襄陽錦翔光電科技股份有限公司,新設公司,錦翔光電有限公司,"29,500,000 ",批發及零售業,,
10309,英屬維京群島商O-NET COMMUNICATIONS HOLDINGS LIMITED,投資現有公司,和詮科技股份有限公司,"29,500,000 ",批發及零售業,,
09908,香港商精進能源有限公司,投資現有公司,台灣城市動力股份有限公司," 	30,000,000 ",批發及零售業,,
10005,歌爾聲學股份有限公司,新設公司,台灣歌爾泰克有限公司," 	30,000,000 ",批發及零售業,,
10110,昆侖在線(香港)股份有限公司,新設公司,台灣昆侖萬維有限公司," 	30,000,000 ",批發及零售業,,
10112,蘇州安洁科技股份有限公司,新設公司,台灣安潔電子股份有限公司," 	30,000,000 ",電子零組件製造業,,
10201,大陸地區人民,新設公司,樂盛有限公司," 	30,000,000 ",批發及零售業,,
10202,香港威豐國際投資有限公司,新設公司,台灣威豐金屬工業有限公司," 	30,000,000 ",化學材料製造業,,
10205,香港威豐國際投資有限公司,增資,台灣威豐金屬工業有限公司," 	30,000,000 ",化學材料製造業,,
10205,香港商晨紅國際股份有限公司,投資現有公司,泓淋科技有限公司（新增投資人）," 	30,000,000 ",批發及零售業,,
10211,香港商歐菲光科技(香港)有限公司,新設公司,台灣歐菲光科技有限公司,"30,000,000",電子零組件製造業,,
10212,香港商禾邦電子(香港)有限公司,新設公司,台灣禾邦電子有限公司," 	30,000,000 ",電子零組件製造業,,
10301,大陸地區人民,新設公司,亞太聯合實業有限公司,"30,000,000",批發及零售業,,
10303,香港威豐國際投資有限公司,增資,台灣威豐金屬工業有限公司,"30,000,000",化學材料製造業,,
10307,蘇州安洁科技股份有限公司,增資,台灣安潔電子股份有限公司," 	30,000,000 ",電子零組件製造業,,
10308,香港富安實業國際有限公司,新設公司,富茂精機股份有限公司,"30,000,000 ",金屬製品製造業,,
10402,"馬紹爾群島商GREAT FAITH HOLDING CO., LTD.",新設公司,佳信有限公司," 	30,000,000 ",批發及零售業,,
10402,中國民航信息網絡股份有限公司,增資,台灣中航信有限公司," 	30,000,000 ",資訊軟體服務業,,
10404,香港商盈方微電子（香港）有限公司,新設公司,臺灣盈方微國際有限公司,"30,000,000",批發及零售業,,
10010,大陸商福州超大現代農業發展有限公司,增資,臺灣超大現代農業有限公司," 	30,500,000 ",批發及零售業,,
09904,大陸商泉州中泉國際經濟技術合作（集團）有限公司,新設公司,台灣中泉國際有限公司," 	32,000,000 ",批發及零售業,,
09904,大陸商大連獐子島漁業集團股份有限公司,新設公司,獐子島漁業有限公司," 	32,000,000 ",批發及零售業,,
09911,中國民航信息網絡股份有限公司,新設公司,台灣中航信有限公司," 	32,000,000 ",資訊軟體服務業,,
09810,香港商中鋼國際控股有限公司,新設公司,中國金貿有限公司," 	33,000,000 ",批發及零售業,,
09909,大陸商揚州市揚子江投資發展集團有限責任公司,增資,揚州冶春淮揚美食股份有限公司," 	33,000,000 ",餐館業,,
10304,綠色資源集團股份有限公司,增資,光大光學股份有限公司," 	35,000,000 ",機械設備製造業,,
10402,台衡精密測控〈昆山〉股份有限公司,增資,台衡國際有限公司," 	35,000,000 ",電子零組件製造業,,
10212,開山壓縮機(香港)有限公司,增資,台灣開山壓縮機有限公司," 	36,000,000 ",批發及零售業,,
10306,薩摩亞商新茂環球有限公司,設立分公司,薩摩亞商新茂環球有限公司在臺分公司,"36,000,000",批發及零售業,,
10403,香港商韋爾半導體香港有限公司,投資現有公司,立昌先進科技股份有限公司,"36,000,000 ",電子零組件製造業,,
10210,香港商北京同仁堂國際有限公司,增資,北京同仁堂太豐股份有限公司,"36,626,870 ",批發及零售業,,
10309,福建新大陸電腦股份有限公司,增資,臺灣新大陸資訊科技股份有限公司,"36,799,137 ",資訊軟體服務業,,
10212,薩摩亞商浩永資本有限公司,投資現有公司,成凱管理顧問股份有限公司," 	38,000,000 ",批發及零售業,,
09901,大陸商昆山聯德精密機械有限公司,新設公司,龍大昌精密工業有限公司," 	38,160,000 ",電腦、電子產品及光學製品製造業,,
10110,ASCENDENZ PARTNERS PTE.LTD.,投資現有公司,威士登股份有限公司," 	40,000,000 ",電子零組件製造業,,
10111,大陸地區人民,新設公司,中華開能股份有限公司," 	40,000,000 ",批發及零售業,,
10106,君臣國藥有限公司,新設公司,君臣國藥股份有限公司," 	45,000,000 ",食品製造業,,
10210,塞席爾商HAO WEI INTERNATIONAL INVESTMENT LIMITED,投資現有公司,台隆節能科技股份有限公司," 	45,000,000 ",批發及零售業,,
10212,保利協鑫(蘇州)新能源有限公司,新設公司,協鑫太陽能科技有限公司," 	48,000,000 ",批發及零售業,,
10301,新加坡商APS INVESTMENT PTE LTD,投資現有公司,恆勁科技股份有限公司,"48,000,000",電子零組件製造業,,
10307,武漢農業集團有限公司,新設公司,芮芯艾立生技股份有限公司,"48,000,000 ",批發及零售業,,
09906,瑞典商富豪汽車公司,投資現有公司,國際富豪汽車股份有限公司," 	50,000,000 ",批發及零售業,,
09909,大陸商河南省鑫山實業發展有限公司,設立分公司,大陸商河南省鑫山實業發展有限公司在臺分公司," 	50,000,000 ",批發及零售業,,
10011,英屬維京群島商YULONG INFOTECH INC.,新設公司,台灣酷派科技股份有限公司," 	50,000,000 ",批發及零售業,,
10109,香港商香港龍澤潤寶國際珠寶品牌有限公司,新設公司,台灣龍澤潤寶股份有限公司," 	50,000,000 ",批發及零售業,,
10303,福建省電子信息（集團）有限責任公司,新設公司,台灣菲格科技發展有限公司,"50,000,000",批發及零售業,,
10306,香港商晨紅國際股份有限公司,增資,泓淋科技有限公司（新增投資人）,"50,000,000",批發及零售業,,
09905,大陸商廈門華天港澳台商購物有限公司,新設公司,金門延銘開發建設有限公司," 	50,764,000 ",住宿服務業,,
10107,廈門華天港澳台商品購物有限公司,新設公司,金門華茂畜牧股份有限公司," 	51,000,000 ",批發及零售業,,
10107,ELEGANT SKY INC.,投資現有公司,台昌樹脂企業股份有限公司," 	53,406,870 ",塑膠製品製造業,,
10303,開山壓縮機(香港)有限公司,增資,台灣開山壓縮機有限公司,"54,000,000",批發及零售業,,
10205,天津富納源創科技有限公司,投資現有公司,識驊科技股份有限公司," 	56,960,000 ",電子零組件製造業,,
10107,立訊精密科技有限公司,增資,台灣立訊精密有限公司," 	58,900,000 ",批發及零售業,,
10209,福建漳龍實業有限公司,新設公司,閩台商務股份有限公司," 	59,000,000 ",批發及零售業,,
10101,綠色資源集團股份有限公司,投資現有公司,光大光學股份有限公司," 	60,000,000 ",機械設備製造業,,
10202,香港商中國檢驗有限公司,增資,香港商中檢實業有限公司在臺分公司," 	60,000,000 ",技術檢測及分析服務業,,
10205,香港威豐國際投資有限公司,增資,台灣威豐金屬工業有限公司," 	60,000,000 ",化學材料製造業,,
10206,香港商鳳凰文創管理有限公司,新設公司,匯川創業投資股份有限公司," 	60,000,000 ",創業投資業,,
10403,鄭州迅邁通訊設備股份有限公司,新設公司,台灣迅邁科技股份有限公司,"60,000,000 ",批發及零售業,,
09901,大陸商揚州市揚子江投資發展集團有限責任公司,新設公司,揚州冶春淮揚美食股份有限公司," 	66,000,000 ",餐館業,,
09907,大陸商均輝電氣（中國）有限公司,新設公司,歐華德國際電氣股份有限公司," 	66,000,000 ",批發及零售業,,
10112,英屬維京群島商振興有限公司,投資現有公司,今生金飾股份有限公司," 	69,300,000 ",批發及零售業,,
09905,英屬蓋曼群島商HL TECHNOLOGY GROUP LIMITED,新設公司,泓淋科技有限公司," 	70,000,000 ",批發及零售業,,
10309,江蘇新春興再生資源有限責任公司,投資現有公司,以成科技股份有限公司,"70,000,000 ",廢棄物清除、處理及資源回收業,,
10102,俏江南控股集團(香港)有限公司,增資,香港商俏江南有限公司在臺分公司," 	72,000,000 ",餐館業,,
10308,廈門松泰實業有限公司,設立分公司,大陸商廈門松泰實業有限公司在臺分公司,"72,000,000 ",批發及零售業,,
10107,欣賀股份有限公司,新設公司,台灣欣賀服飾有限公司," 	73,822,500 ",批發及零售業,,
10310,英屬開曼群島商光能科技投資有限公司,新設公司,陽光能源科技股份有限公司," 	75,000,000 ",未分類其他專業、科學及技術服務業,,
10112,福建財茂集團有限公司,增資,台灣財茂國際有限公司," 	80,000,000 ",成衣及服飾品製造業,,
10311,寶達投資(香港)有限公司,增資,臺灣寶達興業有限公司,"80,000,000 ",批發及零售業,,
10306,香港商香港欣佑投資有限公司,投資現有公司,隆佑興業股份有限公司,"80,982,300",批發及零售業,,
09911,大陸地區人民,新設公司,淮揚美食館有限公司," 	81,324,000 ",餐館業,,
10204,達勝加速器 (香港) 有限公司,投資現有公司,達勝輻照有限公司," 	85,000,000 ",電力設備製造業,,
10307,馬來西亞商海鷗冷卻技術（亞太）有限公司,投資現有公司,太丞股份有限公司,"86,250,000 ",產業用機械設備維修及安裝業,,
10404,"香港商HERMEDA INDUSTRIAL CO., LIMITED",增資,漢霖生技股份有限公司,"91,800,000",研究發展服務業,,
10310,大陸地區人民,新設公司,聯大通股份有限公司," 	93,000,000 ",批發及零售業,,
10106,合眾汽車有限公司,增資,台北合眾汽車有限公司," 	95,000,000 ",汽車及其零件製造業,,
10209,惠州碩貝德無線科技股份有限公司,新設公司,臺灣碩貝德無線科技有限公司," 	96,000,000 ",批發及零售業,,
09901,大陸商新東北電氣集團特高壓設備有限公司,設立分公司,大陸商瀋陽新東北電氣有限公司在臺分公司," 	100,000,000 ",電腦、電子產品及光學製品製造業,,
10204,合眾汽車有限公司,增資,台北合眾汽車有限公司," 	100,000,000 ",汽車及其零件製造業,,
10209,福建省投資開發集團有限責任公司,新設公司,臺灣閩投經濟發展有限公司," 	100,000,000 ",批發及零售業,,
10211,香港商T.C.L.實業控股(香港)有限公司,新設公司,台灣梯西愛爾電器股份有限公司,"100,000,000",批發及零售業,,
10307,香港商蒙發利（香港）有限公司,新設公司,台灣奧佳華國際有限公司,"100,000,000 ",批發及零售業,,
10312,中國建設銀行股份有限公司,增資,大陸商中國建設銀行股份有限公司在臺分公司," 	100,000,000 ",銀行業,,
10403,廈門金圓投資集團有限公司,新設公司,金圓實業有限公司,"100,000,000 ",批發及零售業,,
10403,新加坡商KIBING GROUP (SINGARPORE) PTE. LTD.,投資現有公司,泰特博智慧材料股份有限公司,"101,400,000 ",電腦、電子產品及光學製品製造業,,
10111,香港商穩躍科技有限公司,投資現有公司,泰克威科技股份有限公司,"105,800,000",電子零組件製造業,,
10001,新加坡商滬安電力控股有限公司,新設公司,申環電線電纜有限公司," 	106,464,000 ",電力設備製造業,,
09810,"馬來西亞商PERFECT STAR CO.,LTD",新設公司,完美世界互動科技股份有限公司," 	112,200,000 ",資訊軟體服務業,,
10307,雲南澄江縣德安磷化工有限責任公司,新設公司,百盛材料科技股份有限公司,"120,000,000 ",化學材料製造業,,
10203,香港夢果子國際有限公司,投資現有公司,元祖實業股份有限公司," 	140,450,417 ",批發及零售業,,
10007,香港商立訊精密科技有限公司,新設公司,台灣立訊精密有限公司," 	150,000,000 ",批發及零售業,,
10003,香港商英冠達控股有限公司,新設公司,英冠達科技股份有限公司," 	152,500,000 ",機械設備製造業,,
10112,中霸集團有限公司,增資,香港商中霸有限公司在臺分公司," 	180,000,000 ",批發及零售業,,
10011,英屬蓋曼群島商Techmation Corporation,投資現有公司,弘訊科技股份有限公司,"200,000,000",電子零組件製造業,,
10309,"美商HENLIUS BIOPHARMACEUTICALS, INC.",投資現有公司,漢霖生技股份有限公司,"240,000,000 ",研究發展服務業,,
10305,香港商北控水務(香港)有限公司,投資現有公司,鶴京企業股份有限公司," 	247,747,500 ",廢棄物清除、處理及資源回收業,,
09907,大陸商焦點科技股份有限公司,新設公司,文筆網路科技有限公司," 	250,000,000 ",資訊軟體服務業,,
09907,香港商京泰實業（集團）有限公司,新設公司,京泰發展有限公司," 	250,000,000 ",批發及零售業,,
10105,江蘇盈天化學有限公司,新設公司,台灣盈天有限公司," 	250,000,000 ",廢棄物清除、處理及資源回收業,,
10311,英屬維京群島商北京控股集團(BVI) 有限公司,增資,京泰發展有限公司," 	250,000,000 ",批發及零售業,,
10204,七彩虹集團有限公司,投資現有公司,仲捷興業股份有限公司," 	273,750,000 ",批發及零售業,,
10207,香港商冠捷投資有限公司,投資現有公司,奇菱光電股份有限公司,"278,676,000",電子零組件製造業,,
10306,廈門陸島酒店有限公司,增資,金門陸島酒店有限公司,"280,000,000",住宿服務業,,
09907,"英屬維京群島商BOE VISION-ELECTRONIC HOLDING CO., LTD.",新設公司,臺灣京東方視訊有限公司," 	310,850,000 ",電腦、電子產品及光學製品製造業,,
09909,香港商冠捷投資有限公司,新設公司,英冠達股份有限公司," 	326,400,000 ",電腦、電子產品及光學製品製造業,投資案已撤銷,
10309,香港商歐菲光科技(香港)有限公司,增資,台灣歐菲光科技有限公司,"330,000,000 ",電子零組件製造業,,
10207,英屬蓋曼群島CINDA CREATIVE INDUSTRY INVESTMENT FUND L.P.,投資現有公司,樂陞科技股份有限公司,"346,500,000",批發及零售業,,
10110,LAXTON INVESTMENTS LIMITED,投資現有公司,維格餅家股份有限公司," 	360,000,000 ",食品製造業,,
10304,長春英利汽車工業股份有限公司,投資現有公司,宏利汽車部件股份有限公司," 	380,000,000 ",金屬製品製造業,,
10111,聯滔電子有限公司,投資現有公司,宣德科技股份有限公司," 	455,500,000 ",機械設備製造業,,
10304,英屬維京群島商悅達紡織控股有限公司,投資現有公司,南緯實業股份有限公司," 	538,271,232 ",紡織業,,
10203,廈門華天港澳台商品購物有限公司,增資,金門延銘開發建設有限公司," 	578,460,000 ",住宿服務業,,
09901,英屬維京群島商鼎捷系統集團控股有限公司,投資現有公司,鼎新電腦股份有限公司," 	763,689,880 ",資訊軟體服務業,,
09812,香港商環鴻電子股份有限公司,新設公司,環鴻科技股份有限公司," 	980,000,000 ",電腦、電子產品及光學製品製造業,,
10101,中國銀行股份有限公司,設立分公司,大陸商中國銀行股份有限公司在臺分公司," 	1,200,000,000 ",銀行業,,
10305,香港商京泰實業(集團)有限公司,增資,京泰發展有限公司," 	1,250,000,000 ",批發及零售業,,
10203,廈門華天港澳台商品購物有限公司,新設公司,金門華天國際大酒店股份有限公司,"1,301,540,000",住宿服務業,,
10304,英屬維京群島商七彩虹集團有限公司,投資現有公司,億城國際開發股份有限公司," 	1,331,360,000 ",批發及零售業,,
10310,納愛斯浙江投資有限公司,投資現有公司,台灣妙管家股份有限公司," 	1,350,000,000 ",化學製品製造業,,
10204,中國建設銀行股份有限公司,設立分公司,大陸商中國建設銀行股份有限公司在臺分公司," 	1,400,000,000 ",銀行業,,
10101,交通銀行股份有限公司（大陸商）,設立分公司,大陸商交通銀行股份有限公司在臺分公司," 	1,550,000,000 ",銀行業,,
10203,香港商香港金屬包裝制品有限公司,投資現有公司,鼎新金屬股份有限公司," 	1,762,103,600 ",金屬製品製造業,,
10308,中國銀行股份有限公司,增資,大陸商中國銀行股份有限公司在臺分公司,"1,800,000,000 ",銀行業,,
10208,廈門市三安光電科技有限公司,投資現有公司,璨圓光電股份有限公司,"2,352,000,000",電子零組件製造業,,
10112,香港商政龍投資有限公司,投資現有公司,高明貨櫃碼頭股份有限公司," 	4,050,000,000 ",港埠業,,
"核准
月年",陸資投資人名稱,投資型態,國內被投資事業名稱,"投資金額
（新台幣）",行業分類,備註,
,,,,,,,